,Gurobi_Optimized,Equal_Weight
2020-01-06 05:00:00,1.002833893085728,1.0020491527317137
2020-01-07 05:00:00,0.9968983022515888,0.9972805041880098
2020-01-08 05:00:00,1.0050568414054153,1.003458479396118
2020-01-09 05:00:00,1.0159674627408022,1.0126923022515177
2020-01-10 05:00:00,1.013795844198487,1.0103598715108606
2020-01-13 05:00:00,1.0220128637513344,1.0177419028628696
2020-01-14 05:00:00,1.0225771994809405,1.0178531797031365
2020-01-15 05:00:00,1.025160339520586,1.021571361357367
2020-01-16 05:00:00,1.0306935210335424,1.0275322064569585
2020-01-17 05:00:00,1.036370102983665,1.032643378823578
2020-01-21 05:00:00,1.0322979501758427,1.0296616565795054
2020-01-22 05:00:00,1.033200189449321,1.0298505956340844
2020-01-23 05:00:00,1.0342691713108303,1.0293347544788602
2020-01-24 05:00:00,1.0266689293494289,1.0211189472838837
2020-01-27 05:00:00,1.0190238188592877,1.0078936267063527
2020-01-28 05:00:00,1.0293879697437072,1.0172857272181832
2020-01-29 05:00:00,1.0339592600871472,1.0211929485224387
2020-01-30 05:00:00,1.0435566861514096,1.0340020179481426
2020-01-31 05:00:00,1.024355914596885,1.0127489714201336
2020-02-03 05:00:00,1.0298985687684228,1.0187544229782042
2020-02-04 05:00:00,1.039494526477361,1.0311212173454227
2020-02-05 05:00:00,1.0467092606928057,1.0380274926254374
2020-02-06 05:00:00,1.0476876948643354,1.040577422082463
2020-02-07 05:00:00,1.0410791469892011,1.0346670748347777
2020-02-10 05:00:00,1.0464097152507787,1.0418273076828493
2020-02-11 05:00:00,1.044060617975104,1.0372243838710973
2020-02-12 05:00:00,1.0456904333987804,1.0428165375738032
2020-02-13 05:00:00,1.0460474393401822,1.0411897656148736
2020-02-14 05:00:00,1.0484517122887531,1.0432419039927812
2020-02-18 05:00:00,1.0400458088560671,1.036915513034611
2020-02-19 05:00:00,1.0440801720806474,1.0440875506213008
2020-02-20 05:00:00,1.0425959177503592,1.0391893980718436
2020-02-21 05:00:00,1.0415769276513347,1.030967407491708
2020-02-24 05:00:00,1.015629252488163,0.9961050189697945
2020-02-25 05:00:00,0.9981411320854454,0.9695638263152909
2020-02-26 05:00:00,0.9942841713367422,0.9632634515504549
2020-02-27 05:00:00,0.9476087655141737,0.9154822923608149
2020-02-28 05:00:00,0.9284162535530575,0.9090137999289638
2020-03-02 05:00:00,0.9764012505910494,0.9560380711407528
2020-03-03 05:00:00,0.9561270753319567,0.9288298343931812
2020-03-04 05:00:00,1.0016203055790867,0.9659449228022957
2020-03-05 05:00:00,0.9694630574473921,0.9326834731635661
2020-03-06 05:00:00,0.9559643249814643,0.9170997632270165
2020-03-09 04:00:00,0.8963943935958073,0.8457197965925244
2020-03-10 04:00:00,0.9406586021558708,0.8940417692727259
2020-03-11 04:00:00,0.8961460350174384,0.8497701106891934
2020-03-12 04:00:00,0.8167032965466919,0.7712972759740084
2020-03-13 04:00:00,0.8780163174187363,0.8446678384844194
2020-03-16 04:00:00,0.7970663912623139,0.7554063388615069
2020-03-17 04:00:00,0.8347986469893214,0.7912930627205695
2020-03-18 04:00:00,0.8000294216773264,0.7501324551466929
2020-03-19 04:00:00,0.7810555117861678,0.7550924342742292
2020-03-20 04:00:00,0.735005455223149,0.7154951259939009
2020-03-23 04:00:00,0.7045133611112103,0.6856282945376981
2020-03-24 04:00:00,0.7658976498969883,0.7597108334473531
2020-03-25 04:00:00,0.7798057186206415,0.77400532832506
2020-03-26 04:00:00,0.8236873101875121,0.8151048796061874
2020-03-27 04:00:00,0.80348079929199,0.783756535780214
2020-03-30 04:00:00,0.8404790932810564,0.8151033590605751
2020-03-31 04:00:00,0.8238738600579992,0.7994450020469308
2020-04-01 04:00:00,0.7925452075185525,0.7718529745682413
2020-04-02 04:00:00,0.8200291246017231,0.7985070101773009
2020-04-03 04:00:00,0.8168656980499546,0.7868463927177006
2020-04-07 04:00:00,0.8058267026140609,0.7829755851906668
2020-04-08 04:00:00,0.8302691980602516,0.8046616221028254
2020-04-09 04:00:00,0.8367976137086803,0.8166537115874482
2020-04-13 04:00:00,0.8193572143473868,0.8061489668293635
2020-04-14 04:00:00,0.85264881391879,0.8282792474808575
2020-04-15 04:00:00,0.8443121997871756,0.8086941380549637
2020-04-16 04:00:00,0.8466647400635869,0.8044205263457617
2020-04-17 04:00:00,0.8648123238808627,0.8347650873386475
2020-04-20 04:00:00,0.84790731410632,0.8107699969574638
2020-04-21 04:00:00,0.8326455968829228,0.7934377583897342
2020-04-22 04:00:00,0.8470711936118795,0.8103633432613347
2020-04-23 04:00:00,0.846228152920206,0.8104223951604234
2020-04-24 04:00:00,0.8480809721341126,0.8173404014962471
2020-04-27 04:00:00,0.8562279438409142,0.8292255536439623
2020-04-28 04:00:00,0.8493330964878162,0.8262562615655106
2020-04-29 04:00:00,0.8507048816606975,0.850283797450095
2020-04-30 04:00:00,0.842586835547492,0.8429139505415765
2020-05-01 04:00:00,0.8330645996418232,0.8231049588528606
2020-05-05 04:00:00,0.8378017821711886,0.8245234597837039
2020-05-06 04:00:00,0.8273968195690244,0.818024771546187
2020-05-07 04:00:00,0.8260622755445447,0.8269693774568159
2020-05-08 04:00:00,0.8429960419059532,0.8445451204848563
2020-05-11 04:00:00,0.8420609447775029,0.8403102910520908
2020-05-12 04:00:00,0.8315723553548467,0.823911965838196
2020-05-13 04:00:00,0.8252262398822856,0.8086800984068756
2020-05-14 04:00:00,0.8265183363901354,0.8186617685701615
2020-05-15 04:00:00,0.8316339332653242,0.8214306841724486
2020-05-18 04:00:00,0.8447180006384103,0.8517242608846476
2020-05-19 04:00:00,0.8323640315917622,0.8390803926592229
2020-05-20 04:00:00,0.838699593400249,0.8577220736506089
2020-05-21 04:00:00,0.8304948319878892,0.847793829702442
2020-05-22 04:00:00,0.829243111487743,0.8474388147737449
2020-05-26 04:00:00,0.8318721132857386,0.8594994282820255
2020-05-27 04:00:00,0.8394195926311068,0.8699737243411251
2020-05-28 04:00:00,0.8497326641544698,0.8675349259977901
2020-05-29 04:00:00,0.851737782326313,0.8674483260668336
2020-06-01 04:00:00,0.8531443824249462,0.8728722998346968
2020-06-02 04:00:00,0.85720453061095,0.8785405965027977
2020-06-03 04:00:00,0.8644338387933673,0.8954593419106868
2020-06-05 04:00:00,0.8766392540864877,0.921081970103037
2020-06-08 04:00:00,0.8811405753643402,0.9329467123417349
2020-06-09 04:00:00,0.8762723295421156,0.9253027698613739
2020-06-10 04:00:00,0.8818150176712091,0.9211965342887247
2020-06-11 04:00:00,0.8406345708983033,0.8671377441955709
2020-06-12 04:00:00,0.8465234456114314,0.8785295680657398
2020-06-15 04:00:00,0.8490594512453914,0.8840707043106907
2020-06-16 04:00:00,0.8638249908476964,0.8972033754722487
2020-06-17 04:00:00,0.8616624068664741,0.891348322772313
2020-06-18 04:00:00,0.8627429312531949,0.8939355255670581
2020-06-19 04:00:00,0.8583004944975118,0.8830202087260111
2020-06-22 04:00:00,0.8568897168101652,0.8889012588535746
2020-06-23 04:00:00,0.8563101786216027,0.8939626283021718
2020-06-24 04:00:00,0.8402079462292825,0.8710058350397968
2020-06-25 04:00:00,0.8430635697650074,0.8790576920545787
2020-06-26 04:00:00,0.8260621948613924,0.8555759482167626
2020-06-29 04:00:00,0.8381608483930871,0.868646527848091
2020-06-30 04:00:00,0.8472579082435979,0.8779932799528127
2020-07-01 04:00:00,0.8475043002355229,0.8775797744448879
2020-07-02 04:00:00,0.850037841696946,0.8800907127740614
2020-07-07 04:00:00,0.8492659415519972,0.8708884687291758
2020-07-08 04:00:00,0.8524165071082515,0.8787455436775089
2020-07-09 04:00:00,0.8455834393819951,0.8692829271408397
2020-07-10 04:00:00,0.8517740418628154,0.8823130168704095
2020-07-13 04:00:00,0.85979961014857,0.8786303510424992
2020-07-14 04:00:00,0.8740341624922997,0.8942195210895437
2020-07-15 04:00:00,0.8766802929594526,0.9017084498209083
2020-07-16 04:00:00,0.8777855049585784,0.8957684720068492
2020-07-17 04:00:00,0.8816410528361968,0.8943351546671634
2020-07-20 04:00:00,0.8808866856705773,0.896681094135326
2020-07-21 04:00:00,0.8842098637982968,0.9031522603021239
2020-07-22 04:00:00,0.8930746166536804,0.909376593004383
2020-07-23 04:00:00,0.8891446212677546,0.899868713983792
2020-07-24 04:00:00,0.8857654052570993,0.8963602507534484
2020-07-27 04:00:00,0.8862309371868119,0.9003100349895481
2020-07-28 04:00:00,0.8836746111648514,0.8952717878244016
2020-07-29 04:00:00,0.8842482331029411,0.9012609900097098
2020-07-30 04:00:00,0.8890476978434612,0.8948241867527937
2020-07-31 04:00:00,0.8906653837364831,0.9018558790779359
2020-08-03 04:00:00,0.8939876254169512,0.9081051366654277
2020-08-05 04:00:00,0.8991498722636445,0.9219217666291079
2020-08-06 04:00:00,0.8996449259229744,0.9310648333400393
2020-08-07 04:00:00,0.9043401536519544,0.9296726467346839
2020-08-10 04:00:00,0.9035733308194905,0.9316822085409517
2020-08-11 04:00:00,0.8987337428708416,0.9318732826838133
2020-08-12 04:00:00,0.9134972802201767,0.942907984822755
2020-08-13 04:00:00,0.9096696368851748,0.9398162686009088
2020-08-14 04:00:00,0.9099535996983802,0.939582202034855
2020-08-17 04:00:00,0.9123787121864301,0.9377929608101262
2020-08-18 04:00:00,0.9187160159918778,0.939362649793289
2020-08-19 04:00:00,0.9149515870395827,0.9354661944533426
2020-08-20 04:00:00,0.9206425235795006,0.9404094892546887
2020-08-21 04:00:00,0.9284691822746575,0.945165753819151
2020-08-24 04:00:00,0.9344347956795017,0.9583426791812438
2020-08-25 04:00:00,0.9342039255608208,0.956525174792256
2020-08-26 04:00:00,0.936085505931816,0.9599590381968842
2020-08-27 04:00:00,0.9370671329827905,0.9648944334664223
2020-08-28 04:00:00,0.9462144513001729,0.9771238332953931
2020-08-31 04:00:00,0.9456817045385356,0.9693013515752168
2020-09-01 04:00:00,0.9400370217238069,0.9720022911876328
2020-09-02 04:00:00,0.9573873883524768,0.9843358110425094
2020-09-03 04:00:00,0.9336172935645558,0.958077781186406
2020-09-08 04:00:00,0.9202555935413054,0.936656139096435
2020-09-09 04:00:00,0.934812006832745,0.9506882679483253
2020-09-10 04:00:00,0.9225549884670344,0.9378318826626141
2020-09-11 04:00:00,0.9298965843078576,0.9393247754424717
2020-09-14 04:00:00,0.9351210977024509,0.9470342940927483
2020-09-15 04:00:00,0.938610425607719,0.9467191469728088
2020-09-16 04:00:00,0.9344109979542876,0.9467571302330021
2020-09-17 04:00:00,0.9279080735363215,0.9395794665901672
2020-09-18 04:00:00,0.9310644071535924,0.9313706776555742
2020-09-21 04:00:00,0.9137034108693765,0.9185711509757299
2020-09-22 04:00:00,0.9151164890603116,0.9230646002698324
2020-09-23 04:00:00,0.9065701418226534,0.9021868419791159
2020-09-24 04:00:00,0.9105553112953021,0.9054593174276067
2020-09-25 04:00:00,0.9173914917557716,0.9164554186789244
2020-09-28 04:00:00,0.9262037490458161,0.9297635664882191
2020-09-29 04:00:00,0.9229556483044072,0.9218700103682328
2020-09-30 04:00:00,0.9333542680180241,0.9284160913894999
2020-10-01 04:00:00,0.9287670085667536,0.927444123864758
2020-10-02 04:00:00,0.9239495753901505,0.9209539961224927
2020-10-06 04:00:00,0.9152458334436914,0.9085276066526243
2020-10-07 04:00:00,0.9250855315270214,0.919921742832839
2020-10-08 04:00:00,0.9313070356891671,0.9298968134056237
2020-10-09 04:00:00,0.9404069677560837,0.9374054790132461
2020-10-12 04:00:00,0.9494182582952985,0.9491437001285393
2020-10-13 04:00:00,0.9361960667566203,0.9432088930843672
2020-10-14 04:00:00,0.9350997155912852,0.9386510758595883
2020-10-15 04:00:00,0.9326452479006213,0.9392154320970793
2020-10-16 04:00:00,0.9355371893754433,0.9375920201767649
2020-10-19 04:00:00,0.9168616813082753,0.9198289728790457
2020-10-20 04:00:00,0.9212175334548368,0.9256710532153368
2020-10-21 04:00:00,0.9200374660074809,0.9243379520375778
2020-10-22 04:00:00,0.9237135839402428,0.9337170973812486
2020-10-23 04:00:00,0.9247265255948295,0.9335261535212069
2020-10-26 04:00:00,0.9153645416057272,0.9162381220468219
2020-10-27 04:00:00,0.9146674945311023,0.9135064423620752
2020-10-28 04:00:00,0.8825441532744768,0.8776836618728443
2020-10-29 04:00:00,0.8807094636355703,0.8899157534095465
2020-10-30 04:00:00,0.8766099499081853,0.8809820678931478
2020-11-02 05:00:00,0.8844811967452997,0.8899487922733703
2020-11-03 05:00:00,0.8924998960607137,0.9037585036197423
2020-11-04 05:00:00,0.8937576406785027,0.9111097203876286
2020-11-05 05:00:00,0.8996821791289152,0.9263845835543748
2020-11-06 05:00:00,0.90916853754748,0.9272178034904334
2020-11-09 05:00:00,0.9143873297455196,0.9686193720049122
2020-11-10 05:00:00,0.9268282524203365,0.9725452512741147
2020-11-11 05:00:00,0.9316668689103463,0.9747438884777595
2020-11-12 05:00:00,0.929327105338783,0.9630954246065077
2020-11-13 05:00:00,0.9385623072139212,0.9729624145017194
2020-11-16 05:00:00,0.9414823511651488,0.9896243210709099
2020-11-17 05:00:00,0.9350538942658775,0.9848829199935232
2020-11-18 05:00:00,0.9233406231895379,0.971253955901247
2020-11-19 05:00:00,0.9228201372415493,0.9720422028780206
2020-11-20 05:00:00,0.9185351049604703,0.9638680090273671
2020-11-23 05:00:00,0.914348016474705,0.9753152255789849
2020-11-24 05:00:00,0.9162611947304415,0.9954834474398361
2020-11-25 05:00:00,0.9158341842719769,0.9908377713274558
2020-11-27 05:00:00,0.9158846576689993,0.9878159745366012
2020-11-30 05:00:00,0.9182812356787523,0.9813997650403296
2020-12-01 05:00:00,0.9281712463233801,0.9917342722563663
2020-12-02 05:00:00,0.9252409319827084,0.9969986235735417
2020-12-03 05:00:00,0.9274415085507662,0.996565116203817
2020-12-04 05:00:00,0.9324314169957288,1.0060133912559504
2020-12-07 05:00:00,0.9269143752083826,1.001433132954047
2020-12-08 05:00:00,0.9356011729107138,1.0083318006818516
2020-12-09 05:00:00,0.9371929559652438,1.0040273559585051
2020-12-10 05:00:00,0.9328652554554553,1.0039813543272857
2020-12-11 05:00:00,0.9365856851643815,1.018161831304436
2020-12-14 05:00:00,0.9260907855298053,1.00893043193773
2020-12-15 05:00:00,0.9367627193553288,1.0250277342220628
2020-12-16 05:00:00,0.9331825893996225,1.026641098153424
2020-12-17 05:00:00,0.9477756402324695,1.0318081759251536
2020-12-18 05:00:00,0.9522861433086213,1.0296624208845218
2020-12-21 05:00:00,0.9423403657727977,1.0268445120901037
2020-12-22 05:00:00,0.9411868541418676,1.02448648466263
2020-12-23 05:00:00,0.9387212903198575,1.0281987936396435
2020-12-24 05:00:00,0.9430675924551309,1.032526662134571
2020-12-28 05:00:00,0.9511025152230821,1.0471477207739026
2020-12-29 05:00:00,0.9521396525155179,1.0436193295120506
2020-12-30 05:00:00,0.9562626717932354,1.047763058339074
2020-12-31 05:00:00,0.9646851116783559,1.052161707964864
2021-01-05 05:00:00,0.9725801087052994,1.0594697827489088
2021-01-06 05:00:00,0.9745018914549296,1.0588061859941498
2021-01-07 05:00:00,0.976308648240643,1.0686995422925571
2021-01-08 05:00:00,0.9794985288273509,1.0765560067846636
2021-01-11 05:00:00,0.9720848552130924,1.0729931939762583
2021-01-12 05:00:00,0.9651834988501118,1.068793824804116
2021-01-13 05:00:00,0.9666201993153583,1.0732191582334991
2021-01-14 05:00:00,0.9668548563949323,1.0662140912965277
2021-01-15 05:00:00,0.9627649561597706,1.0546993727969178
2021-01-19 05:00:00,0.9671026331344028,1.059213179948762
2021-01-20 05:00:00,0.9685166297385456,1.0706876814347193
2021-01-21 05:00:00,0.9695908129883637,1.069048481271062
2021-01-22 05:00:00,0.9734328763064121,1.0675063698128697
2021-01-25 05:00:00,0.9868846625580349,1.0725721553611962
2021-01-26 05:00:00,1.0021380157892048,1.0761068773605718
2021-01-27 05:00:00,0.9788298990374851,1.0520917308691335
2021-01-28 05:00:00,0.9849871878204183,1.0657758689604908
2021-01-29 05:00:00,0.9606926259055808,1.042503794150866
2021-02-01 05:00:00,0.9632597358590772,1.054239374668836
2021-02-02 05:00:00,0.9618980350263772,1.0665881833502304
2021-02-03 05:00:00,0.9586925400393617,1.0704293218736027
2021-02-04 05:00:00,0.9673431609357301,1.0865446676675063
2021-02-05 05:00:00,0.977153913327344,1.0943563173532005
2021-02-08 05:00:00,0.9796266748911904,1.105431779174335
2021-02-09 05:00:00,0.9848408182368497,1.1046108980604823
2021-02-10 05:00:00,0.984945554298924,1.1045419510675039
2021-02-11 05:00:00,0.982870567755269,1.106283778709899
2021-02-12 05:00:00,0.9823999787720852,1.1079446037207494
2021-02-16 05:00:00,0.9775487271654517,1.1086345872649557
2021-02-17 05:00:00,0.9785105328464048,1.1088187910186673
2021-02-18 05:00:00,0.980476092070101,1.1086666001577545
2021-02-19 05:00:00,0.9658524083457081,1.101072520159696
2021-02-22 05:00:00,0.9647623302179404,1.107238138531955
2021-02-23 05:00:00,0.9625597098379223,1.1133011415877478
2021-02-24 05:00:00,0.9707484502376182,1.1258518235758015
2021-02-25 05:00:00,0.9646516545060377,1.1059776239880055
2021-02-26 05:00:00,0.9431665197440711,1.090299104951636
2021-03-01 05:00:00,0.9527752321506854,1.114854107598847
2021-03-02 05:00:00,0.9499731070421719,1.109139675396079
2021-03-03 05:00:00,0.9362848397360519,1.1006393071865168
2021-03-04 05:00:00,0.9192814433517871,1.093198930734257
2021-03-05 05:00:00,0.9360109588109515,1.1130719258422548
2021-03-08 05:00:00,0.9447446621593711,1.1221690732234808
2021-03-09 05:00:00,0.9452598786497135,1.1205140334404688
2021-03-10 05:00:00,0.9499908101197901,1.1323520648046752
2021-03-11 05:00:00,0.9535857972786229,1.135028177918995
2021-03-12 05:00:00,0.9553656121578932,1.137024397181926
2021-03-15 04:00:00,0.9620141859545108,1.141919458447386
2021-03-16 04:00:00,0.9654052676087861,1.1413945083113017
2021-03-17 04:00:00,0.9627739595162563,1.1431139090037594
2021-03-18 04:00:00,0.9540967433388978,1.1281295062560113
2021-03-19 04:00:00,0.9503882862757248,1.1167034358337973
2021-03-22 04:00:00,0.959969168495982,1.1240041291725384
2021-03-23 04:00:00,0.957250474015906,1.1216442591314402
2021-03-24 04:00:00,0.9554650759944675,1.1203011568494572
2021-03-25 04:00:00,0.9591140103388932,1.1236561312562596
2021-03-26 04:00:00,0.970242877988173,1.1399974117625407
2021-03-29 04:00:00,0.9750034098450976,1.1424277876783688
2021-03-30 04:00:00,0.9683963912356249,1.1331980238130166
2021-03-31 04:00:00,0.9685173668405545,1.1313319577327017
2021-04-01 04:00:00,0.9677765622295428,1.143110939055487
2021-04-06 04:00:00,0.9697991650841047,1.1446170146595054
2021-04-07 04:00:00,0.9744062710029227,1.1493030566714142
2021-04-08 04:00:00,0.9779870545874871,1.1510756761525458
2021-04-09 04:00:00,0.9820692148104834,1.1552653448310743
2021-04-12 04:00:00,0.9783085384077066,1.1522038537649435
2021-04-13 04:00:00,0.9774725724928908,1.1509310732309388
2021-04-14 04:00:00,0.9726874350940137,1.150693089136386
2021-04-15 04:00:00,0.9799732288262845,1.1587004542036536
2021-04-16 04:00:00,0.9842429175606422,1.1630735271761414
2021-04-19 04:00:00,0.984126310795431,1.16153525303702
2021-04-20 04:00:00,0.9803559382047611,1.1552857134365377
2021-04-21 04:00:00,0.9811386887608254,1.1613764456174371
2021-04-22 04:00:00,0.9722466725082171,1.1522319016791738
2021-04-23 04:00:00,0.9796807668467362,1.1608295486693099
2021-04-26 04:00:00,0.9757912408369959,1.156679046567852
2021-04-27 04:00:00,0.9762538578168581,1.1590683229233374
2021-04-28 04:00:00,0.9725365462750988,1.1584311647794863
2021-04-29 04:00:00,0.9815933570696045,1.1696464063533896
2021-04-30 04:00:00,0.9772172750871028,1.161700802710301
2021-05-03 04:00:00,0.9828533975254613,1.1685499280882214
2021-05-05 04:00:00,0.9828970804452186,1.1689073267473808
2021-05-06 04:00:00,0.9916703356662927,1.1796901710926553
2021-05-07 04:00:00,0.9957113687474543,1.1865541582152042
2021-05-10 04:00:00,0.9957174638394618,1.1832671647654072
2021-05-11 04:00:00,0.985138128917445,1.1698170947080053
2021-05-12 04:00:00,0.9674237203685787,1.1530377512400642
2021-05-13 04:00:00,0.9812119259082778,1.1656953673401538
2021-05-14 04:00:00,0.9877784814686177,1.1756837278427634
2021-05-17 04:00:00,0.9833293925594607,1.17336439187163
2021-05-18 04:00:00,0.9765303710099693,1.1636617720091804
2021-05-19 04:00:00,0.9733689222339346,1.1580622042716513
2021-05-20 04:00:00,0.9836814760158215,1.1679122133352633
2021-05-21 04:00:00,0.9817495933244389,1.167321477464689
2021-05-24 04:00:00,0.9879461054012063,1.1772868845865163
2021-05-25 04:00:00,0.9880881048789876,1.174934255525468
2021-05-26 04:00:00,0.9876574680015671,1.1749972853101829
2021-05-27 04:00:00,0.9867781422969703,1.1745986986663455
2021-05-28 04:00:00,0.9854992471238061,1.1735876297424748
2021-06-01 04:00:00,0.9820092394499276,1.1728382170395037
2021-06-02 04:00:00,0.9838194291976046,1.1765514580748633
2021-06-03 04:00:00,0.9827698887148564,1.1752281810921423
2021-06-07 04:00:00,0.9813176136966103,1.1741507740316066
2021-06-08 04:00:00,0.9782793205819299,1.1731740745476005
2021-06-09 04:00:00,0.9743016016212012,1.1740522729902874
2021-06-10 04:00:00,0.9743479947339099,1.178759591243918
2021-06-11 04:00:00,0.9757681691138278,1.1794956566211683
2021-06-14 04:00:00,0.975360292845312,1.181168021769832
2021-06-15 04:00:00,0.9686151980623924,1.1786605289481005
2021-06-16 04:00:00,0.9658521421402043,1.172931324836201
2021-06-17 04:00:00,0.9616673232111609,1.1714500979155753
2021-06-18 04:00:00,0.9450111205042037,1.1526051368751964
2021-06-21 04:00:00,0.9570390649508608,1.1699220503296037
2021-06-22 04:00:00,0.9595099172297178,1.1760599049844362
2021-06-23 04:00:00,0.960254697952853,1.1757543647523714
2021-06-24 04:00:00,0.9633496643522739,1.1814576438061346
2021-06-25 04:00:00,0.9691416314360815,1.184402676678992
2021-06-28 04:00:00,0.9710390034862804,1.1813465275662047
2021-06-29 04:00:00,0.969273769535738,1.1801441869520433
2021-06-30 04:00:00,0.974469518398053,1.1844356495274466
2021-07-01 04:00:00,0.9796336058909192,1.1896754693882008
2021-07-02 04:00:00,0.9853077251370974,1.1999604421734003
2021-07-07 04:00:00,0.9917268345842393,1.2048369358079865
2021-07-08 04:00:00,0.9827461978830817,1.196722245517488
2021-07-09 04:00:00,0.9995118859876398,1.211091580510259
2021-07-12 04:00:00,1.005914615478564,1.2165569583569293
2021-07-13 04:00:00,1.0031712259458259,1.2197392387569768
2021-07-14 04:00:00,1.0081145738143091,1.2268750300871625
2021-07-15 04:00:00,1.0076698991471125,1.2263564109956637
2021-07-16 04:00:00,0.9949771514930744,1.2146846416925798
2021-07-19 04:00:00,0.9712689708893775,1.1883639070612317
2021-07-20 04:00:00,0.988477975483186,1.2030032515630371
2021-07-21 04:00:00,0.9963852652126182,1.2129780954383584
2021-07-22 04:00:00,0.9970286073880859,1.2134478541719487
2021-07-23 04:00:00,1.0062633280273645,1.2255290768897462
2021-07-26 04:00:00,1.0112613810368698,1.2330599888548255
2021-07-27 04:00:00,1.0123614926200484,1.2321760000060895
2021-07-28 04:00:00,1.0039076798698299,1.2237604573385028
2021-07-29 04:00:00,1.0099729083122868,1.2293889490280971
2021-07-30 04:00:00,1.0068953412327688,1.2244449782014837
2021-08-02 04:00:00,1.0018515347484835,1.218148038856118
2021-08-03 04:00:00,1.0047491490356648,1.221990615882925
2021-08-05 04:00:00,1.0132593059111454,1.2324266503528782
2021-08-06 04:00:00,1.0204005753363536,1.2365073853505073
2021-08-09 04:00:00,1.018163687087657,1.2337318465408362
2021-08-10 04:00:00,1.0195016074030763,1.2351895709424157
2021-08-11 04:00:00,1.026338872080572,1.2378983859295585
2021-08-12 04:00:00,1.032639805096072,1.243298380895106
2021-08-13 04:00:00,1.0350577620483545,1.2471599666408062
2021-08-16 04:00:00,1.038159270958672,1.2506960045133
2021-08-17 04:00:00,1.0331454162903495,1.2447633321352385
2021-08-18 04:00:00,1.022968314386275,1.228988094244539
2021-08-19 04:00:00,1.023946899737005,1.2287199870950491
2021-08-20 04:00:00,1.0318152709783932,1.235559617261001
2021-08-23 04:00:00,1.0377331125347322,1.2458926073889738
2021-08-24 04:00:00,1.0351051966102656,1.2432452898886828
2021-08-25 04:00:00,1.0399373049033824,1.2428244044925179
2021-08-26 04:00:00,1.0360498024079576,1.2345361718520604
2021-08-27 04:00:00,1.0404528827584498,1.2428942696494625
2021-08-30 04:00:00,1.0384878755530238,1.245824462046774
2021-08-31 04:00:00,1.0385084233764552,1.242594392838876
2021-09-01 04:00:00,1.0405832502781143,1.2461923610483772
2021-09-02 04:00:00,1.0448391505045969,1.2481643033462233
2021-09-03 04:00:00,1.041798102095867,1.246916254554882
2021-09-08 04:00:00,1.0418563064957642,1.2496802255271628
2021-09-09 04:00:00,1.034670727922453,1.243329740372206
2021-09-10 04:00:00,1.0288093538520664,1.2333282238610663
2021-09-13 04:00:00,1.035229031617659,1.242429131466666
2021-09-14 04:00:00,1.030991146995704,1.2349391385453872
2021-09-15 04:00:00,1.0388721297129204,1.2451286949196492
2021-09-16 04:00:00,1.0395547097490343,1.2422334340716386
2021-09-17 04:00:00,1.032716312194858,1.2320799433354785
2021-09-20 04:00:00,1.0145296861881716,1.211451482573801
2021-09-21 04:00:00,1.0169896593610868,1.2084064727220578
2021-09-22 04:00:00,1.027302419203073,1.2224862482104626
2021-09-23 04:00:00,1.0409610241254323,1.2386857887686502
2021-09-24 04:00:00,1.044202731731293,1.2423754712195183
2021-09-27 04:00:00,1.0452918921183096,1.2438053171908312
2021-09-28 04:00:00,1.030203046273929,1.2265336087939003
2021-09-29 04:00:00,1.0331883794997943,1.229835818594414
2021-09-30 04:00:00,1.0203014164264437,1.2127601598548923
2021-10-01 04:00:00,1.0332579259399794,1.2340572041625537
2021-10-05 04:00:00,1.0438560662270444,1.2427087453939454
2021-10-06 04:00:00,1.0507875569494984,1.2495493494063057
2021-10-07 04:00:00,1.0576054192504076,1.259515095652648
2021-10-08 04:00:00,1.0583486015343841,1.260988538353131
2021-10-11 04:00:00,1.0522391762084882,1.2512897084096717
2021-10-12 04:00:00,1.0451732175297053,1.2438655063446618
2021-10-13 04:00:00,1.0435837855317558,1.2407166548702988
2021-10-14 04:00:00,1.0579816026515854,1.2562021759387794
2021-10-15 04:00:00,1.0645283862666002,1.2658536823964313
2021-10-18 04:00:00,1.0628631326157734,1.260522054671686
2021-10-19 04:00:00,1.0688268863144197,1.270049874599471
2021-10-20 04:00:00,1.0705294257349103,1.27089666317327
2021-10-21 04:00:00,1.0691953313873586,1.2681336139634851
2021-10-22 04:00:00,1.0722709273428614,1.268802310296403
2021-10-25 04:00:00,1.0718458480968232,1.2727818284649892
2021-10-26 04:00:00,1.0803617196287718,1.279545331020924
2021-10-27 04:00:00,1.085126326983407,1.2712539187185887
2021-10-28 04:00:00,1.0915595387212655,1.276478651602996
2021-10-29 04:00:00,1.0978696162991903,1.2787813039836824
2021-11-01 04:00:00,1.0998736272713985,1.2826561792961886
2021-11-02 04:00:00,1.1067628693813472,1.2841338717220252
2021-11-03 04:00:00,1.1079790421069864,1.2850641036173995
2021-11-05 04:00:00,1.108567259823758,1.2962089406712298
2021-11-08 05:00:00,1.1083318255013863,1.2978289551624527
2021-11-09 05:00:00,1.1069826500248823,1.2928032187559557
2021-11-10 05:00:00,1.1044449561587777,1.2901747714907468
2021-11-11 05:00:00,1.1022899496685052,1.276010042829859
2021-11-12 05:00:00,1.1078315695074303,1.278636773393906
2021-11-15 05:00:00,1.108430472071058,1.2791946554791453
2021-11-16 05:00:00,1.1098917215632915,1.2817915680601069
2021-11-17 05:00:00,1.1090135945222446,1.2744760681534386
2021-11-18 05:00:00,1.1080363573683496,1.2725297058215366
2021-11-19 05:00:00,1.1025216535081488,1.2637072594519814
2021-11-22 05:00:00,1.1036323239542578,1.2648487975951772
2021-11-23 05:00:00,1.1124867472906612,1.274229985415414
2021-11-24 05:00:00,1.1114042989269872,1.2764388807505906
2021-11-26 05:00:00,1.0885521748598193,1.2454259860469692
2021-11-29 05:00:00,1.0976794537604317,1.253673427239915
2021-11-30 05:00:00,1.0741668466642764,1.2330097932278432
2021-12-01 05:00:00,1.077448603025096,1.2296420798995016
2021-12-02 05:00:00,1.0850941809258448,1.24803317302092
2021-12-03 05:00:00,1.0821945085818898,1.2444008204286485
2021-12-06 05:00:00,1.1004184363960328,1.269817862510979
2021-12-07 05:00:00,1.1125387402324411,1.2870934431246939
2021-12-08 05:00:00,1.1134461859708364,1.2928051333873376
2021-12-09 05:00:00,1.1178393779461453,1.2960044805397066
2021-12-10 05:00:00,1.1291385352042846,1.3107987965246257
2021-12-13 05:00:00,1.1298023570428624,1.3057641187631885
2021-12-14 05:00:00,1.126441861898857,1.301187195331655
2021-12-15 05:00:00,1.1331537700131358,1.3111595881823206
2021-12-16 05:00:00,1.135640097176477,1.3094222373734694
2021-12-17 05:00:00,1.114954991791371,1.2902402217722924
2021-12-20 05:00:00,1.1086566447408908,1.2791026840012587
2021-12-21 05:00:00,1.118598132329035,1.2985654733395762
2021-12-22 05:00:00,1.12768463778037,1.309762975812924
2021-12-23 05:00:00,1.1317132639068026,1.3135425067984263
2021-12-27 05:00:00,1.1455249534211756,1.3268771752411113
2021-12-28 05:00:00,1.1469288338711952,1.3295477844216927
2021-12-29 05:00:00,1.1509081240709955,1.3309466722807437
2021-12-30 05:00:00,1.1463954044833955,1.3273448037129527
2021-12-31 05:00:00,1.1450310602838025,1.3259780968772572
2022-01-03 05:00:00,1.1499971020662054,1.3413280043607831
2022-01-04 05:00:00,1.1547128658531345,1.3495125002030024
2022-01-05 05:00:00,1.1469425962330793,1.33995917342696
2022-01-06 05:00:00,1.1470463799385573,1.3415262715726637
2022-01-07 05:00:00,1.1497683936280474,1.3433683606536133
2022-01-10 05:00:00,1.1423197234479905,1.3350677263843234
2022-01-11 05:00:00,1.138862120924441,1.3419006937924878
2022-01-12 05:00:00,1.1393700144351313,1.343506790899437
2022-01-13 05:00:00,1.1277530985065347,1.331310058446874
2022-01-14 05:00:00,1.1234955963132918,1.3250410577155347
2022-01-18 05:00:00,1.106798858770227,1.3120895851499483
2022-01-19 05:00:00,1.113116834667013,1.3087364340707826
2022-01-20 05:00:00,1.1091953731169009,1.301487789682483
2022-01-21 05:00:00,1.1039241521517424,1.2793610881907918
2022-01-24 05:00:00,1.0991080653717582,1.2733676499430195
2022-01-25 05:00:00,1.0978114780053765,1.2733616984130267
2022-01-26 05:00:00,1.1014111280859031,1.2751301637809236
2022-01-27 05:00:00,1.1057079116683628,1.2793979943324791
2022-01-28 05:00:00,1.1233230845330213,1.3182626835690718
2022-01-31 05:00:00,1.131071814783142,1.3313595506324436
2022-02-01 05:00:00,1.1333792771685023,1.3432624701339249
2022-02-02 05:00:00,1.1455336168628827,1.3518319385526274
2022-02-03 05:00:00,1.1370688426386437,1.33830624297752
2022-02-04 05:00:00,1.1347873775036073,1.3419127655452365
2022-02-07 05:00:00,1.1317490432200445,1.3408096659322546
2022-02-08 05:00:00,1.1325075745751256,1.345423482832683
2022-02-09 05:00:00,1.1328488207152434,1.3530930745445904
2022-02-10 05:00:00,1.1181665988925145,1.3413523080845964
2022-02-11 05:00:00,1.1101826127100825,1.3287293045822803
2022-02-14 05:00:00,1.1052351649204348,1.3258882697425958
2022-02-15 05:00:00,1.110531183750988,1.3387132181688775
2022-02-16 05:00:00,1.1127334691701658,1.341763387827433
2022-02-17 05:00:00,1.109509666649726,1.3285596697689088
2022-02-18 05:00:00,1.105282897560611,1.3220316044413907
2022-02-22 05:00:00,1.0976121406266326,1.3112711213141723
2022-02-23 05:00:00,1.085067699525689,1.2915518545582831
2022-02-24 05:00:00,1.071945211901549,1.2893611629473631
2022-02-25 05:00:00,1.1075116282793973,1.3192509234023244
2022-02-28 05:00:00,1.096408686778382,1.3066355439874888
2022-03-01 05:00:00,1.0831967805596052,1.287079041652955
2022-03-02 05:00:00,1.0939064965439713,1.3017058206426706
2022-03-03 05:00:00,1.0938147034674386,1.297312377715642
2022-03-04 05:00:00,1.0982290523376128,1.2860065862494743
2022-03-07 05:00:00,1.0847448216364546,1.2558523313836965
2022-03-08 05:00:00,1.0608409372476322,1.2387398922001296
2022-03-09 05:00:00,1.0645724651681965,1.2562609790992671
2022-03-10 05:00:00,1.0554564987695072,1.247277517228355
2022-03-11 05:00:00,1.0505740085393018,1.2369888715695858
2022-03-14 04:00:00,1.0509437347241648,1.2338174042284582
2022-03-15 04:00:00,1.0690985590620452,1.2593489528932498
2022-03-16 04:00:00,1.0734246344745184,1.2796231651842838
2022-03-17 04:00:00,1.0826831530793195,1.2910930804443659
2022-03-18 04:00:00,1.0844958170158572,1.2990212077553258
2022-03-21 04:00:00,1.0930020969431147,1.3025189478071708
2022-03-22 04:00:00,1.0993252665002984,1.314230119722118
2022-03-23 04:00:00,1.095721218499024,1.3048132601193132
2022-03-24 04:00:00,1.104968766770969,1.3183117646313438
2022-03-25 04:00:00,1.1157636252245884,1.3282065037605186
2022-03-28 04:00:00,1.1190830286927267,1.33144447016882
2022-03-29 04:00:00,1.1278574898105471,1.3482239335940263
2022-03-30 04:00:00,1.1297231480385428,1.3456033601836537
2022-03-31 04:00:00,1.1176691584123073,1.3253889523109066
2022-04-01 04:00:00,1.1281137872664877,1.3337156177167302
2022-04-05 04:00:00,1.1289601214575617,1.325488142863395
2022-04-06 04:00:00,1.1400057826030086,1.3189462232144715
2022-04-07 04:00:00,1.1477385172368166,1.3229939253319412
2022-04-08 04:00:00,1.1495520276480815,1.3258010834802731
2022-04-11 04:00:00,1.1333343516537984,1.306810655128374
2022-04-12 04:00:00,1.135104784687827,1.3068132331533866
2022-04-13 04:00:00,1.1440765647593387,1.3142229322935568
2022-04-14 04:00:00,1.1393850239367938,1.3037592874327821
2022-04-18 04:00:00,1.1339435383199434,1.3011882056943371
2022-04-19 04:00:00,1.1529865923355072,1.3219636090029707
2022-04-20 04:00:00,1.1601691466975363,1.323162150890313
2022-04-21 04:00:00,1.1541633441260006,1.3133336771860888
2022-04-22 04:00:00,1.136071764540215,1.284265787588759
2022-04-25 04:00:00,1.1470830785592219,1.2937654718731275
2022-04-26 04:00:00,1.1306877702744071,1.2632870150462627
2022-04-27 04:00:00,1.1351424515163797,1.2768593612642372
2022-04-28 04:00:00,1.1569172924756788,1.304458811583624
2022-04-29 04:00:00,1.131568175230435,1.2683994281216102
2022-05-02 04:00:00,1.1273834949406614,1.2693087091508337
2022-05-03 04:00:00,1.1251248564578913,1.2698327643510703
2022-05-05 04:00:00,1.1028864863059336,1.2342434101727124
2022-05-06 04:00:00,1.1066070109762574,1.2336701626395883
2022-05-09 04:00:00,1.0886551958148047,1.2022566300251927
2022-05-10 04:00:00,1.087499683700378,1.2026523588512301
2022-05-11 04:00:00,1.0824067026404434,1.1909668580361763
2022-05-12 04:00:00,1.0836558735615793,1.1843136386640702
2022-05-13 04:00:00,1.0944110444066844,1.2052013127239476
2022-05-16 04:00:00,1.1009752212086992,1.2047752839742938
2022-05-17 04:00:00,1.1044890303180332,1.2221929075208784
2022-05-18 04:00:00,1.0615120222130179,1.1746726529086735
2022-05-19 04:00:00,1.0506738953724823,1.1602972737811592
2022-05-20 04:00:00,1.0628174136430804,1.1668499192699802
2022-05-23 04:00:00,1.0874982712790437,1.2046553853734931
2022-05-24 04:00:00,1.100689592187131,1.2055145102096494
2022-05-25 04:00:00,1.099027843772479,1.2096496073346776
2022-05-26 04:00:00,1.1065107324281023,1.225486977426196
2022-05-27 04:00:00,1.1211531610201015,1.2492299180295456
2022-05-31 04:00:00,1.1122308240886323,1.2435531672255509
2022-06-01 04:00:00,1.1060197267964675,1.235980206538685
2022-06-02 04:00:00,1.1102615834181488,1.2485094668964487
2022-06-03 04:00:00,1.1051918956756526,1.2343826768985438
2022-06-07 04:00:00,1.120255157442854,1.2490277930465747
2022-06-08 04:00:00,1.1134135517372694,1.241142864593032
2022-06-09 04:00:00,1.0916166240531797,1.2112083857614675
2022-06-10 04:00:00,1.0764724495164189,1.1804769925655396
2022-06-13 04:00:00,1.0580570926308746,1.1494034094283088
2022-06-14 04:00:00,1.0467051091821713,1.1402184363214263
2022-06-15 04:00:00,1.0510089064884194,1.1503814818069562
2022-06-16 04:00:00,1.0414601318551426,1.128232173343139
2022-06-17 04:00:00,1.0311382488064547,1.1235839436865358
2022-06-21 04:00:00,1.058645853532914,1.1518002145573565
2022-06-22 04:00:00,1.0657343012435163,1.1519385029733031
2022-06-23 04:00:00,1.0781508920016614,1.1623099169218447
2022-06-24 04:00:00,1.097571124974866,1.1920514637095043
2022-06-27 04:00:00,1.0973647119937497,1.18852574636201
2022-06-28 04:00:00,1.0794459570696173,1.1713875697637994
2022-06-29 04:00:00,1.0810838457703205,1.1745846699667952
2022-06-30 04:00:00,1.0781076061208976,1.163389181748579
2022-07-01 04:00:00,1.0958395951060003,1.1828733658599628
2022-07-06 04:00:00,1.09391236868336,1.1826880497111125
2022-07-07 04:00:00,1.1004387977380943,1.1957736035651974
2022-07-08 04:00:00,1.0990525525684764,1.1939834105621372
2022-07-11 04:00:00,1.0975971441338521,1.1872758666630823
2022-07-12 04:00:00,1.0850465982035387,1.1775011415720515
2022-07-13 04:00:00,1.0854842610601163,1.1754254603153749
2022-07-14 04:00:00,1.0826316019400462,1.1710302435632964
2022-07-15 04:00:00,1.0963794475793973,1.1908183746978234
2022-07-18 04:00:00,1.083328949345426,1.1802635717516121
2022-07-19 04:00:00,1.0874343106341355,1.2027368012261503
2022-07-20 04:00:00,1.0838011755903783,1.2056376936570083
2022-07-21 04:00:00,1.0829131922658413,1.2097462161182997
2022-07-22 04:00:00,1.0852563141385236,1.2053260407427988
2022-07-25 04:00:00,1.087915460847848,1.2090261019768782
2022-07-26 04:00:00,1.0965307369713986,1.2042457550536723
2022-07-27 04:00:00,1.1041264501629493,1.2255757613503193
2022-07-28 04:00:00,1.1169658772456772,1.2396062072000846
2022-07-29 04:00:00,1.1191284171115476,1.2465486411225974
2022-08-01 04:00:00,1.1177624656357483,1.2441079942547875
2022-08-02 04:00:00,1.1087738296281684,1.229546133655686
2022-08-03 04:00:00,1.1154113703222726,1.2461159158488653
2022-08-05 04:00:00,1.1126519489653504,1.2491984217642775
2022-08-08 04:00:00,1.1092688760627631,1.2461378202931104
2022-08-09 04:00:00,1.114750339379587,1.2490028780555784
2022-08-10 04:00:00,1.1227276824764745,1.2691669835205492
2022-08-11 04:00:00,1.1158578130986487,1.2733690883554907
2022-08-12 04:00:00,1.1180366607202479,1.2880569478721031
2022-08-15 04:00:00,1.1246833358340689,1.2990541487641412
2022-08-16 04:00:00,1.1302711638905274,1.303631737557313
2022-08-17 04:00:00,1.1304306869169607,1.2999420373844912
2022-08-18 04:00:00,1.1312926532304732,1.3018889818645785
2022-08-19 04:00:00,1.1370540044397353,1.2921578322175613
2022-08-22 04:00:00,1.1276537109277052,1.2716222417299405
2022-08-23 04:00:00,1.1243535263227373,1.2680331598580787
2022-08-24 04:00:00,1.1244604722920355,1.2700198473119257
2022-08-25 04:00:00,1.1326640075895473,1.2826022607031715
2022-08-26 04:00:00,1.1109217210125515,1.2480717669128487
2022-08-29 04:00:00,1.1076410759725126,1.2437916293348459
2022-08-30 04:00:00,1.0965890535276657,1.2303614366620486
2022-08-31 04:00:00,1.0908771537615203,1.2211059931922827
2022-09-01 04:00:00,1.106682936951978,1.2283184154658124
2022-09-02 04:00:00,1.0962982134000274,1.2163497442984668
2022-09-07 04:00:00,1.1058494549726847,1.2317103232804543
2022-09-08 04:00:00,1.1125560140384463,1.2359600530091719
2022-09-09 04:00:00,1.1180427595094191,1.251947411798096
2022-09-12 04:00:00,1.121871306913506,1.2646527573206072
2022-09-13 04:00:00,1.0930309226858226,1.220690707247486
2022-09-14 04:00:00,1.1087017299958926,1.229455289888019
2022-09-15 04:00:00,1.1008564085827928,1.2143017745986389
2022-09-16 04:00:00,1.1064774481548314,1.2090228867401716
2022-09-19 04:00:00,1.1059370913492528,1.2146743187029478
2022-09-20 04:00:00,1.0978912802083067,1.2073847601694807
2022-09-21 04:00:00,1.0826277748826518,1.1852942660609833
2022-09-22 04:00:00,1.0855014222677144,1.1810417651034104
2022-09-23 04:00:00,1.074757699035426,1.1626079846954587
2022-09-26 04:00:00,1.0650685071931392,1.1509123753831274
2022-09-27 04:00:00,1.052976082466923,1.138178957318399
2022-09-28 04:00:00,1.06481007147567,1.1527856030374626
2022-09-29 04:00:00,1.0531849394998798,1.1353354327189984
2022-09-30 04:00:00,1.0397602280550426,1.1151970380698615
2022-10-03 04:00:00,1.0555349618374126,1.1429015319590612
2022-10-05 04:00:00,1.0592120590166818,1.1450663728505308
2022-10-06 04:00:00,1.0460057430820644,1.1329582225713604
2022-10-07 04:00:00,1.0352496843437888,1.1102946934454272
2022-10-10 04:00:00,1.0341340208371996,1.101748433829461
2022-10-11 04:00:00,1.0418818327623156,1.09361261453596
2022-10-12 04:00:00,1.0432185062500823,1.0968169429468706
2022-10-13 04:00:00,1.0699789575306116,1.1315536034559865
2022-10-14 04:00:00,1.057665156005872,1.1152299203480873
2022-10-17 04:00:00,1.0726826288682403,1.1405753215103713
2022-10-18 04:00:00,1.0761700440213353,1.1510973133769444
2022-10-19 04:00:00,1.078428424193898,1.151390267531212
2022-10-20 04:00:00,1.0770582975435403,1.1472182497282082
2022-10-21 04:00:00,1.099071706774703,1.1752900559743764
2022-10-24 04:00:00,1.1095432181604914,1.186367462836026
2022-10-25 04:00:00,1.111263732410727,1.199382138989134
2022-10-26 04:00:00,1.1193635173717074,1.1996174368916228
2022-10-27 04:00:00,1.1308989824458116,1.1992911443146004
2022-10-28 04:00:00,1.1572694129112675,1.2343652174783104
2022-10-31 04:00:00,1.1516083413761173,1.2260122537249913
2022-11-01 04:00:00,1.1504151623806007,1.2237115815529451
2022-11-02 04:00:00,1.133015783164386,1.1963143918678674
2022-11-03 04:00:00,1.1375534867709163,1.1836593206587702
2022-11-07 05:00:00,1.1473302151120923,1.1965775842194653
2022-11-08 05:00:00,1.1526582833339893,1.2003767660404256
2022-11-09 05:00:00,1.1350741983950015,1.1637775349352597
2022-11-10 05:00:00,1.1477261332228972,1.210917534031848
2022-11-11 05:00:00,1.1329484148990747,1.2201431904061155
2022-11-14 05:00:00,1.1422586325953505,1.21666065059652
2022-11-15 05:00:00,1.1407000723621215,1.2194157688605904
2022-11-16 05:00:00,1.147033305940068,1.2193259648417283
2022-11-17 05:00:00,1.1517524110966797,1.2187605541951725
2022-11-18 05:00:00,1.156110884030571,1.2227576352560114
2022-11-21 05:00:00,1.162609111394125,1.2282701159782947
2022-11-22 05:00:00,1.170313838608569,1.239925681493758
2022-11-23 05:00:00,1.1702716440781855,1.2476447974316862
2022-11-25 05:00:00,1.1723773852201722,1.2474560595581616
2022-11-28 05:00:00,1.1648230936108295,1.228895881046163
2022-11-29 05:00:00,1.1592941527603713,1.2229531696232034
2022-11-30 05:00:00,1.1738137571869334,1.2563487236831403
2022-12-01 05:00:00,1.1766276463361045,1.2561504335082916
2022-12-02 05:00:00,1.1771706065276817,1.2576263355683819
2022-12-06 05:00:00,1.163915967573764,1.2394168542270398
2022-12-07 05:00:00,1.1657096593207583,1.2371224012297874
2022-12-08 05:00:00,1.1710886269810858,1.2465112721302198
2022-12-09 05:00:00,1.1625188683596994,1.2409580973841658
2022-12-12 05:00:00,1.1800167613843682,1.2632394199610275
2022-12-13 05:00:00,1.183606140363794,1.2664557658512658
2022-12-14 05:00:00,1.1844223365560835,1.2635045265948968
2022-12-15 05:00:00,1.1702665242939279,1.2350379973502823
2022-12-16 05:00:00,1.1564907190385627,1.2232253413526728
2022-12-19 05:00:00,1.155852804517896,1.2132515145742926
2022-12-20 05:00:00,1.160452147750688,1.2190148590879548
2022-12-21 05:00:00,1.1718956748229685,1.2317889624203828
2022-12-22 05:00:00,1.1631282034448531,1.2182836763835363
2022-12-23 05:00:00,1.171964220977658,1.226762186378923
2022-12-27 05:00:00,1.1739977491857014,1.2257220010112333
2022-12-28 05:00:00,1.1651074634307927,1.2113331518561783
2022-12-29 05:00:00,1.1713218460182855,1.2280865651300503
2022-12-30 05:00:00,1.166610650485875,1.2260124485243595
2023-01-03 05:00:00,1.165845239872384,1.220931776925432
2023-01-04 05:00:00,1.1727362617514454,1.2273782119660395
2023-01-05 05:00:00,1.1676668788660411,1.2193420932391987
2023-01-06 05:00:00,1.1853715994023444,1.2452057869128148
2023-01-09 05:00:00,1.163095560480659,1.2383805292484344
2023-01-10 05:00:00,1.1649033340476576,1.2446783809380921
2023-01-11 05:00:00,1.1650906750868848,1.2535200364713028
2023-01-12 05:00:00,1.1608414049566909,1.2583006861824004
2023-01-13 05:00:00,1.1619498374326427,1.2641961380114646
2023-01-17 05:00:00,1.1640228894654125,1.2661302022885952
2023-01-18 05:00:00,1.139328520493894,1.2406735436458667
2023-01-19 05:00:00,1.1358571652770122,1.234291487150896
2023-01-20 05:00:00,1.1421260395275254,1.2542810896226224
2023-01-23 05:00:00,1.1403702187818483,1.2610882790901359
2023-01-24 05:00:00,1.1428506417680104,1.266026595919195
2023-01-25 05:00:00,1.1503094778654208,1.2709554371828764
2023-01-26 05:00:00,1.1556987118829258,1.2839585903367061
2023-01-27 05:00:00,1.1476297975271574,1.2846628988853397
2023-01-30 05:00:00,1.1229137683221704,1.2675320096809517
2023-01-31 05:00:00,1.1289470789338565,1.2786350223397003
2023-02-01 05:00:00,1.1314987277190653,1.2832817638572942
2023-02-02 05:00:00,1.1236395176528038,1.2890749657199427
2023-02-03 05:00:00,1.1219614834936134,1.2887486941315576
2023-02-06 05:00:00,1.1212593327191827,1.2852850523010806
2023-02-07 05:00:00,1.1246585300584535,1.2997931972321233
2023-02-08 05:00:00,1.118714774581951,1.2904620762934487
2023-02-09 05:00:00,1.1088082879568513,1.2802447825539713
2023-02-10 05:00:00,1.119121665587449,1.284989746632253
2023-02-13 05:00:00,1.1265108580913625,1.2989105880018719
2023-02-14 05:00:00,1.120895399616851,1.2948463863343853
2023-02-15 05:00:00,1.111273865389605,1.2949446281387016
2023-02-16 05:00:00,1.1046405989823893,1.2784211764900513
2023-02-17 05:00:00,1.1168992283847423,1.278190601098612
2023-02-21 05:00:00,1.1060301738367166,1.2607978593487956
2023-02-22 05:00:00,1.1038951028996402,1.2579134988028513
2023-02-23 05:00:00,1.1033346341248507,1.261736955256807
2023-02-24 05:00:00,1.0933652333921526,1.2510803210119537
2023-02-27 05:00:00,1.092959866510836,1.2541926174656262
2023-02-28 05:00:00,1.0834281804925225,1.2487563593429478
2023-03-01 05:00:00,1.079881954554199,1.2411797871956456
2023-03-02 05:00:00,1.086803392623228,1.2503443135683532
2023-03-03 05:00:00,1.0957823393403667,1.2684995533215617
2023-03-06 05:00:00,1.1054028482450156,1.2765381517504701
2023-03-07 05:00:00,1.0924667298589543,1.2569300561488124
2023-03-08 05:00:00,1.084748862505959,1.2532462928120416
2023-03-09 05:00:00,1.0728255342863986,1.2324367605900066
2023-03-10 05:00:00,1.072569704772228,1.2255784553773676
2023-03-13 04:00:00,1.0784871072834956,1.227757708632263
2023-03-14 04:00:00,1.0856280860696388,1.2438062932433476
2023-03-15 04:00:00,1.0818115408715483,1.2357802808960459
2023-03-16 04:00:00,1.0841663674617625,1.2502879298205678
2023-03-17 04:00:00,1.073268944612534,1.2399496253881186
2023-03-20 04:00:00,1.0871649168732611,1.2509956194333554
2023-03-21 04:00:00,1.0924127840410838,1.2656936656939188
2023-03-22 04:00:00,1.0761420103990835,1.2503715314567696
2023-03-23 04:00:00,1.07597031257241,1.2550770654436831
2023-03-24 04:00:00,1.085846051820665,1.259173318950288
2023-03-27 04:00:00,1.0938475173301359,1.2665851298010449
2023-03-28 04:00:00,1.0919261762399528,1.2658209867288606
2023-03-29 04:00:00,1.1021998336327774,1.2808950807139956
2023-03-30 04:00:00,1.103847811965719,1.2859012228101776
2023-03-31 04:00:00,1.11226568862033,1.2996622347459696
2023-04-03 04:00:00,1.130855020770837,1.3134789331769006
2023-04-05 04:00:00,1.1611342462322805,1.3218113168606365
2023-04-06 04:00:00,1.1585165291796264,1.323355981300251
2023-04-10 04:00:00,1.1545251628024555,1.3197982024761334
2023-04-11 04:00:00,1.1553413357466216,1.3178464359465214
2023-04-12 04:00:00,1.1549764398807478,1.314488264494505
2023-04-13 04:00:00,1.1676740826994416,1.3348075678503113
2023-04-14 04:00:00,1.1662974419210466,1.3415949774260025
2023-04-17 04:00:00,1.1653508892125537,1.3435214787467862
2023-04-18 04:00:00,1.1523153691897785,1.346692928168313
2023-04-19 04:00:00,1.158090249755237,1.3452875855092286
2023-04-20 04:00:00,1.1616836951936427,1.3440229258222107
2023-04-21 04:00:00,1.1625725090144856,1.349055154298993
2023-04-24 04:00:00,1.1694255116096928,1.350938323867178
2023-04-25 04:00:00,1.1717478744557688,1.3379411198932611
2023-04-26 04:00:00,1.1582466726506768,1.3362201982042374
2023-04-27 04:00:00,1.165928519351992,1.3572917866813334
2023-04-28 04:00:00,1.1719594325261065,1.370006501959617
2023-05-01 04:00:00,1.1691864084092587,1.36859434710325
2023-05-02 04:00:00,1.1688454660441685,1.355286684335004
2023-05-03 04:00:00,1.155444080752736,1.3441704923487547
2023-05-05 04:00:00,1.1635116431779184,1.3688675930954046
2023-05-08 04:00:00,1.1630224227986148,1.3712811958639735
2023-05-09 04:00:00,1.1589971625456807,1.3644949897279113
2023-05-10 04:00:00,1.1584244853072068,1.3650315545520335
2023-05-11 04:00:00,1.151624162778672,1.349230028487689
2023-05-12 04:00:00,1.1545530052551103,1.3481470533301825
2023-05-15 04:00:00,1.151648086121472,1.3500167111717714
2023-05-16 04:00:00,1.143630497447128,1.340006451346482
2023-05-17 04:00:00,1.1446929265215633,1.3514611238296492
2023-05-18 04:00:00,1.1443871681014297,1.3563642830764384
2023-05-19 04:00:00,1.1489941842134082,1.3547291995769097
2023-05-22 04:00:00,1.1312010120519773,1.3419846861069826
2023-05-23 04:00:00,1.1269661178090138,1.3279728881135284
2023-05-24 04:00:00,1.1264023438697164,1.322820620895279
2023-05-25 04:00:00,1.117218188954898,1.3220782254360384
2023-05-26 04:00:00,1.1168925795246993,1.3282045574925374
2023-05-30 04:00:00,1.112038959981214,1.3219925351434365
2023-05-31 04:00:00,1.1107401483732826,1.3164159771422201
2023-06-01 04:00:00,1.1172453998231968,1.3306716251456867
2023-06-02 04:00:00,1.1346440854791875,1.3516258047024197
2023-06-06 04:00:00,1.1241790419881141,1.3501079185237606
2023-06-07 04:00:00,1.1185286968423278,1.3471362764982184
2023-06-08 04:00:00,1.1307258209808098,1.3535003443106988
2023-06-09 04:00:00,1.1326663253005016,1.3537318448699054
2023-06-12 04:00:00,1.1361202261892813,1.359177817386828
2023-06-13 04:00:00,1.1370202639889664,1.361121706077158
2023-06-14 04:00:00,1.1376917187665312,1.361529666512224
2023-06-15 04:00:00,1.1542369981534712,1.3798228608863603
2023-06-16 04:00:00,1.156316074075006,1.3781073255752005
2023-06-20 04:00:00,1.1500239779852295,1.366170269446605
2023-06-21 04:00:00,1.1548740295337117,1.3657306984468103
2023-06-22 04:00:00,1.1542073752039161,1.3698650252291982
2023-06-23 04:00:00,1.1424937671613036,1.3614215940007612
2023-06-26 04:00:00,1.1400998689105903,1.35790519476228
2023-06-27 04:00:00,1.147768782566528,1.365696465035448
2023-06-28 04:00:00,1.1495764142066143,1.3662435189558593
2023-06-29 04:00:00,1.157827580104454,1.3771661454597162
2023-06-30 04:00:00,1.1720437776394566,1.3932812786559101
2023-07-03 04:00:00,1.1620192335745707,1.3927756392939663
2023-07-06 04:00:00,1.1508752404639149,1.3826096524680074
2023-07-07 04:00:00,1.1438551765631395,1.3719445326811766
2023-07-10 04:00:00,1.1501763789638002,1.3715920391728922
2023-07-11 04:00:00,1.1543545401496562,1.3779604465799442
2023-07-12 04:00:00,1.1597780488737575,1.3858709967172047
2023-07-13 04:00:00,1.1577821423436025,1.3896658377302213
2023-07-14 04:00:00,1.152863800988153,1.3870373276756935
2023-07-17 04:00:00,1.1581021639007572,1.3872652867409547
2023-07-18 04:00:00,1.1569488930772303,1.3903256673491107
2023-07-19 04:00:00,1.1600753389598217,1.396513129303844
2023-07-20 04:00:00,1.1688924413109438,1.4064179420289311
2023-07-21 04:00:00,1.165021327719229,1.408350477979826
2023-07-24 04:00:00,1.1705022683497692,1.4155057848760288
2023-07-25 04:00:00,1.1647402114168668,1.4144450937792072
2023-07-26 04:00:00,1.1622172727994262,1.4112006963322514
2023-07-27 04:00:00,1.1662444233108396,1.4032217283598805
2023-07-28 04:00:00,1.1666451344531243,1.413679717298132
2023-07-31 04:00:00,1.1710159719218587,1.4165733568678471
2023-08-01 04:00:00,1.1644849367168182,1.4157804507010934
2023-08-02 04:00:00,1.1546038275196018,1.4017381677273337
2023-08-03 04:00:00,1.1604498170698843,1.403960819361913
2023-08-07 04:00:00,1.1734324458994876,1.4133647654434354
2023-08-08 04:00:00,1.17097710246428,1.411811526497446
2023-08-09 04:00:00,1.1681851386558648,1.4080474697074665
2023-08-10 04:00:00,1.165484801800115,1.413997972194506
2023-08-11 04:00:00,1.173213289273881,1.4152130221426882
2023-08-14 04:00:00,1.171305236038242,1.4176174421554877
2023-08-15 04:00:00,1.1593555046260673,1.4007188369610537
2023-08-16 04:00:00,1.149094304907715,1.39201400550373
2023-08-17 04:00:00,1.1442785596765188,1.3867805625954985
2023-08-18 04:00:00,1.146149915895829,1.3898428063335149
2023-08-21 04:00:00,1.1374518912351934,1.3858414466952789
2023-08-22 04:00:00,1.1318079604351154,1.382270623492618
2023-08-23 04:00:00,1.1356181196589532,1.389334118644026
2023-08-24 04:00:00,1.1338730583228618,1.3741773505326051
2023-08-25 04:00:00,1.1428237218104114,1.387352980625846
2023-08-28 04:00:00,1.1423307865473715,1.3911220900043362
2023-08-29 04:00:00,1.145027316983646,1.3993145763050192
2023-08-30 04:00:00,1.1460933886246185,1.4031790504453312
2023-08-31 04:00:00,1.140728760682258,1.39650290723373
2023-09-01 04:00:00,1.1431852104913174,1.3972383717266768
2023-09-06 04:00:00,1.1431892927536886,1.3884836248548373
2023-09-07 04:00:00,1.143809704053373,1.3846588439183374
2023-09-08 04:00:00,1.1459372885675443,1.3912215701228685
2023-09-11 04:00:00,1.1512080315879922,1.3991545911485417
2023-09-12 04:00:00,1.1500135221900007,1.3995561913715162
2023-09-13 04:00:00,1.1538150033531391,1.400679608873138
2023-09-14 04:00:00,1.1595699094444325,1.4102988374976273
2023-09-15 04:00:00,1.1499488332897883,1.3975404461457352
2023-09-18 04:00:00,1.1561568131545765,1.4040200351315029
2023-09-19 04:00:00,1.1532031449801896,1.397721292965433
2023-09-20 04:00:00,1.1460296012855458,1.390609301736431
2023-09-21 04:00:00,1.132499088997536,1.3756426509882391
2023-09-22 04:00:00,1.1262346600613813,1.369942094602413
2023-09-25 04:00:00,1.124779446112055,1.3682983264633544
2023-09-26 04:00:00,1.1127375126432089,1.3533159904927974
2023-09-27 04:00:00,1.1129344645500492,1.3503805005116
2023-09-28 04:00:00,1.116416127857045,1.3530163968719322
2023-09-29 04:00:00,1.1075699892903212,1.348330609793677
2023-10-02 04:00:00,1.1049223317095007,1.3460307964303764
2023-10-03 04:00:00,1.0976888866186882,1.3330502321745954
2023-10-05 04:00:00,1.0892997605770123,1.3266440662127454
2023-10-06 04:00:00,1.0932822149340626,1.3365983305335503
2023-10-09 04:00:00,1.0972761626385166,1.345988825554915
2023-10-10 04:00:00,1.1033409197078434,1.3518721774226177
2023-10-11 04:00:00,1.0927054714147433,1.3448222348022218
2023-10-12 04:00:00,1.093020532445817,1.340131845636861
2023-10-13 04:00:00,1.1059166135297505,1.3472443846079887
2023-10-16 04:00:00,1.1131089210964058,1.3567880309964047
2023-10-17 04:00:00,1.1162740709478567,1.3594700000901683
2023-10-18 04:00:00,1.1255053445647174,1.3567524552872667
2023-10-19 04:00:00,1.1203469946646032,1.3529524803580404
2023-10-20 04:00:00,1.1115168804648958,1.3441667643109774
2023-10-23 04:00:00,1.1053852390775016,1.3369303217163178
2023-10-24 04:00:00,1.1117777245132294,1.3441776733138504
2023-10-25 04:00:00,1.1173014581490097,1.346542132784739
2023-10-26 04:00:00,1.106560088345279,1.3278127186571276
2023-10-27 04:00:00,1.0867856226728574,1.3137413711759869
2023-10-30 04:00:00,1.1011902319401101,1.3324342062017982
2023-10-31 04:00:00,1.1077081573231986,1.34105180561706
2023-11-01 04:00:00,1.1103011068015678,1.3471904593843638
2023-11-02 04:00:00,1.1295858992566963,1.3711234147029974
2023-11-03 04:00:00,1.1272515072998839,1.374611516919696
2023-11-07 05:00:00,1.1270850829935417,1.3769135237965522
2023-11-08 05:00:00,1.124928996698008,1.3755393268160299
2023-11-09 05:00:00,1.1203625153966374,1.3783823909637487
2023-11-10 05:00:00,1.1309532338132715,1.3884308465579924
2023-11-13 05:00:00,1.133605307408448,1.391036713152388
2023-11-14 05:00:00,1.1389751305129732,1.4026019079330185
2023-11-15 05:00:00,1.1385785829265969,1.4086751643106945
2023-11-16 05:00:00,1.1504971408009568,1.4189146553991576
2023-11-17 05:00:00,1.1457612369832681,1.4194420334227476
2023-11-20 05:00:00,1.150358592561441,1.4275814506143971
2023-11-21 05:00:00,1.1502035923755949,1.4282201969768873
2023-11-22 05:00:00,1.1573966341450423,1.4348199746425343
2023-11-24 05:00:00,1.1607617244656967,1.439065796097611
2023-11-27 05:00:00,1.1587485721589088,1.4348768519487103
2023-11-28 05:00:00,1.1629341727624527,1.4341799998965035
2023-11-29 05:00:00,1.1580895488938434,1.428903422392718
2023-11-30 05:00:00,1.1713386084861641,1.441139291981713
2023-12-01 05:00:00,1.1737730999728995,1.4464557234983073
2023-12-05 05:00:00,1.164983530761923,1.4412645905259918
2023-12-06 05:00:00,1.1599472078130602,1.4346797045199322
2023-12-07 05:00:00,1.161128346119452,1.437651889111676
2023-12-08 05:00:00,1.1598999948337188,1.4412020566176833
2023-12-11 05:00:00,1.1640859174007334,1.4424632962938377
2023-12-12 05:00:00,1.1701325868309358,1.44594687047889
2023-12-13 05:00:00,1.1823641534335854,1.4612569830973252
2023-12-14 05:00:00,1.1679170062350661,1.456445003712846
2023-12-15 05:00:00,1.1648312772108558,1.4521877892641935
2023-12-18 05:00:00,1.1734796855528353,1.4579508764361755
2023-12-19 05:00:00,1.177975048964223,1.4661726794152241
2023-12-20 05:00:00,1.1630525711325632,1.4445120688349662
2023-12-21 05:00:00,1.170820601181598,1.453554745218946
2023-12-22 05:00:00,1.1733030812964143,1.4537137498601334
2023-12-26 05:00:00,1.1773863736261747,1.45729111038831
2023-12-27 05:00:00,1.178901205123285,1.4578137373555216
2023-12-28 05:00:00,1.1808194415936575,1.4587591035025818
2023-12-29 05:00:00,1.1830903502433308,1.459317954332296
