,Gurobi_Optimized,Equal_Weight
2022-01-06 05:00:00,1.0006211251562336,1.001169334940739
2022-01-07 05:00:00,1.0023643647186176,1.0025442149737738
2022-01-10 05:00:00,0.9956201420614718,0.9963494369777165
2022-01-11 05:00:00,0.9935883717878076,1.0014488745784889
2022-01-12 05:00:00,0.9942701565220562,1.002647521350837
2022-01-13 05:00:00,0.9839963134053529,0.993545135220242
2022-01-14 05:00:00,0.9815602218972032,0.9888666641320532
2022-01-18 05:00:00,0.9675455700609152,0.9792010698515571
2022-01-19 05:00:00,0.9737931151785076,0.976698701574412
2022-01-20 05:00:00,0.9707617857491516,0.9712890868033887
2022-01-21 05:00:00,0.9661756561017375,0.9547761902517635
2022-01-24 05:00:00,0.9624573799220743,0.9503032604057012
2022-01-25 05:00:00,0.9602597343122061,0.9502988730467775
2022-01-26 05:00:00,0.9629510914620826,0.9516186375498216
2022-01-27 05:00:00,0.9667366365575716,0.9548037541502763
2022-01-28 05:00:00,0.9823031448222449,0.9838079684534927
2022-01-31 05:00:00,0.9891598399723796,0.993582094858748
2022-02-01 05:00:00,0.992510942486835,1.00246522576612
2022-02-02 05:00:00,1.0032342363829716,1.0088604593793427
2022-02-03 05:00:00,0.9955066838107011,0.9987663508674707
2022-02-04 05:00:00,0.9971102214644683,1.0014578725159256
2022-02-08 05:00:00,0.9974310881770125,1.004904013077017
2022-02-09 05:00:00,0.9978759622723552,1.0106324435098508
2022-02-10 05:00:00,0.9847642385745817,1.0018631066607764
2022-02-11 05:00:00,0.9780764219728821,0.9924349708309225
2022-02-14 05:00:00,0.9738022931480725,0.9903129400138714
2022-02-15 05:00:00,0.9781869503079784,0.9998921163255889
2022-02-16 05:00:00,0.9802038274604986,1.002170236800162
2022-02-17 05:00:00,0.9772919692839915,0.9923081505058916
2022-02-18 05:00:00,0.9735833331120737,0.9874324341973312
2022-02-22 05:00:00,0.9670207111496862,0.9793953757830941
2022-02-23 05:00:00,0.9557713679879493,0.9646669553233757
2022-02-24 05:00:00,0.944788272198559,0.9630306841699108
2022-02-25 05:00:00,0.9755742277713741,0.9853555124928614
2022-02-28 05:00:00,0.9660780035772504,0.9759330733203851
2022-03-01 05:00:00,0.9544424565101466,0.9613262549584071
2022-03-02 05:00:00,0.963864921119403,0.9722510249449212
2022-03-03 05:00:00,0.9633794515348728,0.9689694697618608
2022-03-04 05:00:00,0.9652693863552924,0.9605251203725731
2022-03-08 05:00:00,0.9441463316008707,0.9474367719937629
2022-03-09 05:00:00,0.9479822952992022,0.9608376551859826
2022-03-10 05:00:00,0.939798358291278,0.9539666955930698
2022-03-11 05:00:00,0.9351988953810916,0.9460975846463513
2022-03-14 04:00:00,0.9355141135230461,0.9436718453711368
2022-03-15 04:00:00,0.9522568023017671,0.9631994282371578
2022-03-16 04:00:00,0.9561102414112724,0.9787059170580649
2022-03-17 04:00:00,0.9643374150941086,0.9874786424368864
2022-03-18 04:00:00,0.9658828497859273,0.9935423743335734
2022-03-21 04:00:00,0.973313835467017,0.9962175110348938
2022-03-22 04:00:00,0.9789258981283415,1.0051746581833252
2022-03-23 04:00:00,0.9757959033398163,0.9979722758264896
2022-03-24 04:00:00,0.9840569678915936,1.008296560046114
2022-03-25 04:00:00,0.9935967161889595,1.0158643407420807
2022-03-28 04:00:00,0.9966862750490719,1.0183410577653662
2022-03-29 04:00:00,1.004518704795238,1.031174470001182
2022-03-30 04:00:00,1.0062032271231582,1.0291701282823202
2022-03-31 04:00:00,0.9952578639027705,1.0137094813068006
2022-04-01 04:00:00,1.0043436231882126,1.0200779073634814
2022-04-04 04:00:00,1.0026439996168854,1.0234495730711595
2022-04-05 04:00:00,1.0018058491742707,1.017135998396989
2022-04-07 04:00:00,1.0085017432176724,1.0202574420417276
2022-04-08 04:00:00,1.0100048318271733,1.0224222529027331
2022-04-11 04:00:00,0.9958140708346334,1.0077773981032594
2022-04-12 04:00:00,0.9971777131832373,1.0077793422591022
2022-04-13 04:00:00,1.00507190470359,1.0134934906362225
2022-04-14 04:00:00,1.000793525926298,1.0054241942591526
2022-04-18 04:00:00,0.9958587984625666,1.0034414363720294
2022-04-19 04:00:00,1.01287012163065,1.0194628769240863
2022-04-20 04:00:00,1.0187323377456243,1.0203871438467476
2022-04-21 04:00:00,1.0132858544413728,1.0128076290884158
2022-04-22 04:00:00,0.9973728160759113,0.9903913715980024
2022-04-25 04:00:00,1.0072495626224724,0.9977172923048583
2022-04-26 04:00:00,0.9926871966286246,0.9742130777320991
2022-04-27 04:00:00,0.9963663158631488,0.9846796869081937
2022-04-28 04:00:00,1.0153390140086882,1.0059636700193642
2022-04-29 04:00:00,0.993088231547942,0.978155643415825
2022-05-02 04:00:00,0.9895662695535518,0.9788568724881032
2022-05-03 04:00:00,0.987498028525715,0.9792609910952816
2022-05-04 04:00:00,1.0098526514284012,1.0065013423224711
2022-05-05 04:00:00,0.9886085692177319,0.9782923683283676
2022-05-09 04:00:00,0.9732991094776533,0.9533816641557176
2022-05-10 04:00:00,0.9720029213150604,0.9536954019171715
2022-05-11 04:00:00,0.9677147490507927,0.9444290125684246
2022-05-12 04:00:00,0.9691504913081544,0.9391529195804874
2022-05-13 04:00:00,0.978445390929112,0.9557166970073551
2022-05-16 04:00:00,0.9847047062311712,0.955378846239319
2022-05-17 04:00:00,0.9875474254847771,0.9691909707610445
2022-05-18 04:00:00,0.949091250614358,0.931507730567717
2022-05-19 04:00:00,0.939127669500047,0.9201081567296718
2022-05-20 04:00:00,0.9500022821913618,0.9253043302958558
2022-05-23 04:00:00,0.9719399214914871,0.9552837803255778
2022-05-24 04:00:00,0.9841037957870427,0.9559650670559235
2022-05-25 04:00:00,0.9820401244511209,0.9592441630876426
2022-05-26 04:00:00,0.9884059222280888,0.9718031464583189
2022-05-27 04:00:00,1.0011671604220058,0.990631109610338
2022-05-31 04:00:00,0.9929886913368343,0.9861295182570273
2022-06-01 04:00:00,0.9872491877711116,0.980124191179062
2022-06-02 04:00:00,0.9909581363539185,0.9900598797506289
2022-06-03 04:00:00,0.9865706726543897,0.9788573329255433
2022-06-07 04:00:00,0.9999794982620421,0.9904708549086508
2022-06-08 04:00:00,0.9938685482501087,0.9842182017470006
2022-06-09 04:00:00,0.9743993223237231,0.9604803886779618
2022-06-10 04:00:00,0.9608764416327158,0.9361105053054537
2022-06-13 04:00:00,0.9444646012428521,0.9114693776268756
2022-06-14 04:00:00,0.9343058981355048,0.9041857959664855
2022-06-15 04:00:00,0.9381857790697169,0.9122450046415354
2022-06-16 04:00:00,0.9296735163177404,0.8946807457602458
2022-06-17 04:00:00,0.920515653778827,0.8909947176828232
2022-06-21 04:00:00,0.9450135489239722,0.9133701101342803
2022-06-22 04:00:00,0.9513673068612425,0.9134797047419524
2022-06-23 04:00:00,0.9624787400027668,0.9217041506070023
2022-06-24 04:00:00,0.9798285559314845,0.9452889976626252
2022-06-27 04:00:00,0.9796219319554192,0.9424931330664927
2022-06-28 04:00:00,0.9636007513421723,0.9289025979514307
2022-06-29 04:00:00,0.9650799744122429,0.9314379679787389
2022-06-30 04:00:00,0.9624349001139243,0.9225600351442896
2022-07-01 04:00:00,0.9782632418810521,0.9380108038691761
2022-07-05 04:00:00,0.9703501863849657,0.9358534948365427
2022-07-07 04:00:00,0.9761731944832107,0.946208012333414
2022-07-08 04:00:00,0.9748791904139626,0.9447913925195741
2022-07-11 04:00:00,0.9735627589660221,0.9394838367729366
2022-07-12 04:00:00,0.9623722793986407,0.9317491541595694
2022-07-13 04:00:00,0.9627713039570105,0.9301066632905045
2022-07-14 04:00:00,0.9602940412147475,0.9266287225522815
2022-07-15 04:00:00,0.9725585637496201,0.9422869638755829
2022-07-18 04:00:00,0.9609391784956907,0.9339350017610275
2022-07-19 04:00:00,0.9645514182764335,0.9517179112388358
2022-07-20 04:00:00,0.961455421198854,0.9540133748344145
2022-07-21 04:00:00,0.9607464256729843,0.9572644465533443
2022-07-22 04:00:00,0.9627898052389956,0.9537667688506155
2022-07-25 04:00:00,0.9649722249509738,0.956694652248367
2022-07-26 04:00:00,0.972512675565099,0.9529119989021342
2022-07-27 04:00:00,0.9794057764565346,0.9697903220054893
2022-07-28 04:00:00,0.9907958234616587,0.9808924487545941
2022-07-29 04:00:00,0.9926194845366237,0.9863859487536099
2022-08-01 04:00:00,0.9914310110191565,0.9844547485479025
2022-08-02 04:00:00,0.9834642072941994,0.9729320325229355
2022-08-03 04:00:00,0.9895603828385333,0.9860435677474652
2022-08-04 04:00:00,0.9758492118414325,0.9799085131125956
2022-08-05 04:00:00,0.9736292267141228,0.9823324252677971
2022-08-09 04:00:00,0.9783168319979395,0.9845909727077563
2022-08-10 04:00:00,0.985383596033131,1.0004864085674885
2022-08-11 04:00:00,0.9794187120717761,1.0037989344189484
2022-08-12 04:00:00,0.9814471514743959,1.0153773926411014
2022-08-15 04:00:00,0.9874143613882495,1.0240465658151747
2022-08-16 04:00:00,0.9924020523172427,1.027654966567713
2022-08-17 04:00:00,0.9924621290916646,1.0247464350256312
2022-08-18 04:00:00,0.9933101612653902,1.0262812394997767
2022-08-19 04:00:00,0.9982631024925428,1.018610103557117
2022-08-22 04:00:00,0.989952252541125,1.0024218911425595
2022-08-23 04:00:00,0.9870484790932218,0.9995926798785094
2022-08-24 04:00:00,0.9871585991442394,1.0011587092940186
2022-08-25 04:00:00,0.994282175537887,1.0110773628823433
2022-08-26 04:00:00,0.9751268911975564,0.9838569920410772
2022-08-29 04:00:00,0.9722151260185596,0.9804829368653187
2022-08-30 04:00:00,0.9625118106994293,0.9698958645526221
2022-08-31 04:00:00,0.9574103981718305,0.9625997861869243
2022-09-01 04:00:00,0.9711390794792972,0.9682854210562648
2022-09-02 04:00:00,0.961932204895156,0.9588504930300261
2022-09-07 04:00:00,0.9703129291455103,0.9709592421527569
2022-09-08 04:00:00,0.9761975407074569,0.9743093555689267
2022-09-09 04:00:00,0.9810117916709604,0.9869122657825968
2022-09-12 04:00:00,0.9843710297797361,0.9969278295391987
2022-09-13 04:00:00,0.959065352033065,0.9622724728124101
2022-09-14 04:00:00,0.9728155424166137,0.9691815872555852
2022-09-15 04:00:00,0.965931813197806,0.9572360367312711
2022-09-16 04:00:00,0.9708639111737815,0.953074706301077
2022-09-19 04:00:00,0.9703897312517785,0.9575296925635174
2022-09-20 04:00:00,0.9633301348952144,0.9517834097568737
2022-09-21 04:00:00,0.9499373957877946,0.9343694242347523
2022-09-22 04:00:00,0.9524587259028862,0.9310171297302734
2022-09-23 04:00:00,0.9430316883438868,0.9164857307818653
2022-09-26 04:00:00,0.9345301473457875,0.9072661539762603
2022-09-27 04:00:00,0.9239198433878336,0.897228311347184
2022-09-28 04:00:00,0.9343033294402389,0.9087427477324156
2022-09-29 04:00:00,0.9241029861339886,0.8949867807247374
2022-09-30 04:00:00,0.9123236818495873,0.879111636702165
2022-10-03 04:00:00,0.9261650188126824,0.900951105771123
2022-10-04 04:00:00,0.9429720088609815,0.9236533513595135
2022-10-05 04:00:00,0.94613702578182,0.9254028996685613
2022-10-07 04:00:00,0.9365503825265784,0.9068912389300573
2022-10-10 04:00:00,0.9357232353005919,0.8999106498879365
2022-10-11 04:00:00,0.9428905666784916,0.8932652593867791
2022-10-12 04:00:00,0.9442619220866688,0.8958825881990602
2022-10-13 04:00:00,0.9681808123326521,0.9242556251973
2022-10-14 04:00:00,0.957103801861225,0.9109223170952591
2022-10-17 04:00:00,0.970559969742546,0.9316244835186579
2022-10-18 04:00:00,0.9737989716527279,0.9402189073649027
2022-10-19 04:00:00,0.9754204266454078,0.9404582259319039
2022-10-20 04:00:00,0.9740071659097008,0.937050478188836
2022-10-21 04:00:00,0.9938209972355557,0.9599796153943576
2022-10-24 04:00:00,1.0037716983250042,0.969027639051137
2022-10-25 04:00:00,1.0055856104192087,0.9796581417287668
2022-10-26 04:00:00,1.0129346523211802,0.9798503370095253
2022-10-27 04:00:00,1.0233065681022195,0.979583751380697
2022-10-28 04:00:00,1.0470725305327497,1.008232381136807
2022-10-31 04:00:00,1.0416620595829245,1.0014096403029777
2022-11-01 04:00:00,1.0404671725651033,0.9995304032118086
2022-11-02 04:00:00,1.0249005912673221,0.977152384221581
2022-11-03 04:00:00,1.029082436090149,0.9668156810604179
2022-11-04 04:00:00,1.0356820089635685,0.9785520762204758
2022-11-08 05:00:00,1.0403953124063843,0.9816589894366772
2022-11-09 05:00:00,1.0237092863937476,0.9517284185244287
2022-11-10 05:00:00,1.0356030484725973,0.9902791567689498
2022-11-11 05:00:00,1.0227529514384217,0.99782380723351
2022-11-14 05:00:00,1.0310487271321145,0.9949758778250727
2022-11-15 05:00:00,1.029910183462477,0.9972289917960769
2022-11-16 05:00:00,1.03530812030577,0.9971555109244582
2022-11-17 05:00:00,1.0394344433334382,0.9966930678146427
2022-11-18 05:00:00,1.0434122572095037,0.9999618709602199
2022-11-21 05:00:00,1.0496372572567143,1.0044699441181832
2022-11-22 05:00:00,1.0565448075508468,1.0140018154075983
2022-11-23 05:00:00,1.0567382423786071,1.020314482345352
2022-11-25 05:00:00,1.0585643842119767,1.02016008596653
2022-11-28 05:00:00,1.0516397118807943,1.0049816828561868
2022-11-29 05:00:00,1.0466436661969052,1.0001218077137044
2022-11-30 05:00:00,1.0599327409622201,1.0274325517674723
2022-12-01 05:00:00,1.0625069982571653,1.0272702648628478
2022-12-02 05:00:00,1.0630743455311256,1.0284772630568577
2022-12-05 05:00:00,1.0546674723892655,1.0113268101895103
2022-12-06 05:00:00,1.0428793336386715,0.9966835089488458
2022-12-07 05:00:00,1.044529472842073,0.9948384428926539
2022-12-08 05:00:00,1.0493282821188155,1.0023886131566886
2022-12-09 05:00:00,1.041607120794656,0.9979229361250201
2022-12-12 05:00:00,1.0572573846886433,1.015840602242783
2022-12-13 05:00:00,1.0604907236547947,1.0184269812710895
2022-12-14 05:00:00,1.0612760311426095,1.016053771660949
2022-12-15 05:00:00,1.0486800747950056,0.9931622676506884
2022-12-16 05:00:00,1.0362998878867096,0.983663090350871
2022-12-19 05:00:00,1.0358652015937273,0.9756425540669518
2022-12-20 05:00:00,1.039929009556736,0.9802771527090712
2022-12-21 05:00:00,1.0502035303848183,0.9905495342999298
2022-12-22 05:00:00,1.0423831326695754,0.9796891922877886
2022-12-23 05:00:00,1.0502116130019288,0.9865072361857256
2022-12-27 05:00:00,1.0520633198753635,0.9856707898268926
2022-12-28 05:00:00,1.0441889589667077,0.9740998833682853
2022-12-29 05:00:00,1.0496498251230768,0.9875722324633165
2022-12-30 05:00:00,1.0453941033046288,0.9859043194563835
2023-01-03 05:00:00,1.044762743137096,0.981818627903411
2023-01-04 05:00:00,1.0510482049117738,0.9870026420572509
2023-01-05 05:00:00,1.046853391853718,0.9805403266299112
2023-01-06 05:00:00,1.0627045177348575,1.0013387013646988
2023-01-09 05:00:00,1.0427289732889644,0.9958502161128161
2023-01-10 05:00:00,1.0443523557312073,1.000914633820348
2023-01-11 05:00:00,1.0445686211386407,1.0080245591495505
2023-01-12 05:00:00,1.0407708304957595,1.011869081377027
2023-01-13 05:00:00,1.041757376799835,1.0166098920182327
2023-01-17 05:00:00,1.0436125548526831,1.0181651663424118
2023-01-18 05:00:00,1.0214361832468686,0.9976941244374539
2023-01-19 05:00:00,1.018411227090471,0.9925619780656647
2023-01-20 05:00:00,1.024055350687931,1.0086366501779525
2023-01-23 05:00:00,1.022498391821087,1.0141108198893691
2023-01-24 05:00:00,1.024759121402918,1.0180818768000333
2023-01-25 05:00:00,1.0314048866956997,1.022045494697791
2023-01-26 05:00:00,1.0363532244877884,1.0325019288870911
2023-01-27 05:00:00,1.0290728399639055,1.0330683722972684
2023-01-30 05:00:00,1.006983914131201,1.0192924901796545
2023-01-31 05:00:00,1.0124840209269719,1.0282209983933126
2023-02-01 05:00:00,1.0147029698368524,1.0319577765100467
2023-02-02 05:00:00,1.0074848796365077,1.036616308278937
2023-02-03 05:00:00,1.0059813888028786,1.036353906091996
2023-02-07 05:00:00,1.009022374688609,1.0480521820392346
2023-02-08 05:00:00,1.0037000057907965,1.0405282359580441
2023-02-09 05:00:00,0.9948091821179994,1.0322899120994915
2023-02-10 05:00:00,1.004022321191758,1.0361158318311248
2023-02-13 05:00:00,1.0106531964821541,1.0473405137544538
2023-02-14 05:00:00,1.0056352522735947,1.0440635377294731
2023-02-15 05:00:00,0.9969857287115812,1.0441426172653414
2023-02-16 05:00:00,0.9910322767117591,1.0308194818320668
2023-02-17 05:00:00,1.0020397746155807,1.0306336150114435
2023-02-21 05:00:00,0.9922735058667117,1.0166093590114273
2023-02-22 05:00:00,0.9903604522745976,1.014283656963386
2023-02-23 05:00:00,0.9898599356866328,1.0173665527805564
2023-02-24 05:00:00,0.9809092541802027,1.0087739302386367
2023-02-27 05:00:00,0.9805499122515406,1.0112833708458286
2023-02-28 05:00:00,0.9719998416848451,1.0069000491025646
2023-03-01 05:00:00,0.9688076851874515,1.0007909714589804
2023-03-02 05:00:00,0.9749988577719169,1.0081804187810597
2023-03-03 05:00:00,0.9830743579555157,1.0228193848006033
2023-03-07 05:00:00,0.9715692897151891,1.0071084739697713
2023-03-08 05:00:00,0.9646629625590519,1.0041568882029523
2023-03-09 05:00:00,0.954109829426116,0.9874833569231815
2023-03-10 05:00:00,0.9538895281291895,0.9819881960789542
2023-03-13 04:00:00,0.959167171682013,0.9837342505012441
2023-03-14 04:00:00,0.9654383870290274,0.9965930941846077
2023-03-15 04:00:00,0.9619396751717438,0.9901623222699701
2023-03-16 04:00:00,0.9639403368155743,1.0017864863075694
2023-03-17 04:00:00,0.9542366488061943,0.9935030061751023
2023-03-20 04:00:00,0.9666737994387344,1.0023535374597285
2023-03-21 04:00:00,0.9714279717186546,1.0141302070053106
2023-03-22 04:00:00,0.9568926466712258,1.0018534967375479
2023-03-23 04:00:00,0.9566452384354738,1.0056237558559267
2023-03-24 04:00:00,0.9654851437716309,1.0089058586183985
2023-03-27 04:00:00,0.9726323352750994,1.0148444542129214
2023-03-28 04:00:00,0.9709544400959377,1.014232285734515
2023-03-29 04:00:00,0.9801166499105101,1.026310275409744
2023-03-30 04:00:00,0.9816224627394685,1.0303214919724903
2023-03-31 04:00:00,0.9890699976982564,1.0413473742116102
2023-04-03 04:00:00,1.0057891817201832,1.0524178457577553
2023-04-04 04:00:00,1.0101111509542808,1.0501674620714578
2023-04-05 04:00:00,1.0374573204108037,1.0568293652275982
2023-04-10 04:00:00,1.0340699925684111,1.0539882326663688
2023-04-11 04:00:00,1.0348171837936717,1.0524294294722774
2023-04-12 04:00:00,1.0347353769093075,1.0497476387371756
2023-04-13 04:00:00,1.0459270394677491,1.065974542941755
2023-04-14 04:00:00,1.0446644183987492,1.0713949396843239
2023-04-17 04:00:00,1.0439914474837475,1.072933519922253
2023-04-18 04:00:00,1.0338666666357106,1.0754661930216316
2023-04-19 04:00:00,1.0386378621897894,1.0743439065622546
2023-04-20 04:00:00,1.0416312279058635,1.0733339677489084
2023-04-21 04:00:00,1.0433666524198837,1.0773526914967735
2023-04-24 04:00:00,1.0492882905216308,1.0788565978530331
2023-04-25 04:00:00,1.050774234396735,1.0684770282251292
2023-04-26 04:00:00,1.039075987445226,1.0671026276754785
2023-04-27 04:00:00,1.0464947018464905,1.08393048396368
2023-04-28 04:00:00,1.0518186333313115,1.0940843755840848
2023-05-01 04:00:00,1.04963519721616,1.0929565666832481
2023-05-02 04:00:00,1.0489576857663616,1.0823291584360712
2023-05-03 04:00:00,1.037304530080683,1.0734517657235167
2023-05-04 04:00:00,1.0327742434248814,1.0646997497932629
2023-05-05 04:00:00,1.0392177067974384,1.084262013061194
2023-05-09 04:00:00,1.0373633279321697,1.0788962569648186
2023-05-10 04:00:00,1.0357613050316117,1.079320478556762
2023-05-11 04:00:00,1.0288160571394784,1.0668263847604968
2023-05-12 04:00:00,1.0319380808313994,1.0659700981096187
2023-05-15 04:00:00,1.0305560079412666,1.0674483661349814
2023-05-16 04:00:00,1.022678513046465,1.0595332927256405
2023-05-17 04:00:00,1.0242667232914886,1.0685905462090364
2023-05-18 04:00:00,1.0254964574051448,1.0724673780529104
2023-05-19 04:00:00,1.0299343174533666,1.071174532775141
2023-05-22 04:00:00,1.0126986719852804,1.0610975458042808
2023-05-23 04:00:00,1.0068219500985476,1.0500184425796952
2023-05-24 04:00:00,1.0065148752610227,1.0459446539484376
2023-05-25 04:00:00,1.0003578807605742,1.045357644912601
2023-05-26 04:00:00,1.0006974166024292,1.0502015810928513
2023-05-30 04:00:00,0.9958096643305496,1.0452899078599673
2023-05-31 04:00:00,0.9941135435543337,1.0408805648099826
2023-06-01 04:00:00,1.00224637544805,1.0521523353381705
2023-06-02 04:00:00,1.0170373121022047,1.06872070491848
2023-06-05 04:00:00,1.0143701008845916,1.0651199821529806
2023-06-07 04:00:00,1.0095179236531557,1.0627756159634576
2023-06-08 04:00:00,1.0205782749078467,1.0677962971265056
2023-06-09 04:00:00,1.0221940503667561,1.0679790244614031
2023-06-12 04:00:00,1.0252661056600076,1.072275404385606
2023-06-13 04:00:00,1.02618520746548,1.0738089075236041
2023-06-14 04:00:00,1.0268115931100548,1.0741307272126734
2023-06-15 04:00:00,1.0417190494503856,1.0885625200880986
2023-06-16 04:00:00,1.0434888957252157,1.0872091112536852
2023-06-20 04:00:00,1.0378985019479023,1.0777917345950794
2023-06-21 04:00:00,1.0421086555074135,1.0774450692748319
2023-06-22 04:00:00,1.0417791001656436,1.0807066631079194
2023-06-23 04:00:00,1.031513483226931,1.0740454743495462
2023-06-26 04:00:00,1.0290811660076664,1.071271399489124
2023-06-27 04:00:00,1.0358475636997733,1.077418030724512
2023-06-28 04:00:00,1.0375488042510972,1.0778496026023419
2023-06-29 04:00:00,1.0452134051616644,1.086466636278588
2023-06-30 04:00:00,1.058033916094926,1.0991801152635767
2023-07-03 04:00:00,1.0486707330526908,1.098781171572806
2023-07-05 04:00:00,1.0521078737004728,1.0977484102042256
2023-07-07 04:00:00,1.046382366100132,1.0892805860993973
2023-07-10 04:00:00,1.0528156885475153,1.089000788003498
2023-07-11 04:00:00,1.0572062308810903,1.0940570212200158
2023-07-12 04:00:00,1.0620756281519363,1.1003378052332842
2023-07-13 04:00:00,1.0597176728376558,1.1033507139360197
2023-07-14 04:00:00,1.0541016964502898,1.1012638199951303
2023-07-17 04:00:00,1.058946514792091,1.1014448876507903
2023-07-18 04:00:00,1.0581004053433702,1.1038746553153962
2023-07-19 04:00:00,1.0606859747340398,1.1087872042497384
2023-07-20 04:00:00,1.0693803548968508,1.116651372186621
2023-07-21 04:00:00,1.065323350430372,1.1181858477989979
2023-07-24 04:00:00,1.0705822128376046,1.1238667880194508
2023-07-25 04:00:00,1.065086692848579,1.1230246495829845
2023-07-26 04:00:00,1.0622517586783695,1.1204487642297778
2023-07-27 04:00:00,1.0667845781222574,1.1141137026058632
2023-07-28 04:00:00,1.065611348374022,1.1224170063587433
2023-07-31 04:00:00,1.070160870770998,1.1247144199828452
2023-08-01 04:00:00,1.0638419828560728,1.1240849438142508
2023-08-02 04:00:00,1.0544448851998194,1.1129357641065436
2023-08-03 04:00:00,1.0603925200420232,1.1147006020005048
2023-08-04 04:00:00,1.0476710487606617,1.1054900471546638
2023-08-08 04:00:00,1.0461394449367873,1.1042751306750473
2023-08-09 04:00:00,1.0453112980286905,1.101331079653191
2023-08-10 04:00:00,1.0426663484995142,1.1059853531034547
2023-08-11 04:00:00,1.0501759333689111,1.1069357105783793
2023-08-14 04:00:00,1.0481812532765054,1.108816409413049
2023-08-15 04:00:00,1.0396828457937286,1.0955988265434848
2023-08-16 04:00:00,1.0305934124537734,1.0887901999186287
2023-08-17 04:00:00,1.0289446740489383,1.084696652168677
2023-08-18 04:00:00,1.0295712213909816,1.0870918910914202
2023-08-21 04:00:00,1.0179048717220933,1.0839621947236557
2023-08-22 04:00:00,1.013993967442983,1.0811692324639395
2023-08-23 04:00:00,1.0153091757918515,1.086694010421685
2023-08-24 04:00:00,1.0142710108421655,1.0748389353938144
2023-08-25 04:00:00,1.0241085635866474,1.085144448069621
2023-08-28 04:00:00,1.022047503627983,1.0880925803693169
2023-08-29 04:00:00,1.0236722211228568,1.094500430320975
2023-08-30 04:00:00,1.0247690589757714,1.0975231422615737
2023-08-31 04:00:00,1.0197553550864846,1.0923012574420863
2023-09-01 04:00:00,1.0209696658024237,1.0928765014013906
2023-09-05 04:00:00,1.0153100491132225,1.0886988875932586
2023-09-07 04:00:00,1.0147096468590455,1.0856999167218746
2023-09-08 04:00:00,1.0178091725084846,1.090845598298535
2023-09-11 04:00:00,1.0221592510607815,1.0970658883878968
2023-09-12 04:00:00,1.0219145926439592,1.0973807428629632
2023-09-13 04:00:00,1.025323774426194,1.0982616865648076
2023-09-14 04:00:00,1.0316362060103663,1.1058039964751816
2023-09-15 04:00:00,1.0217815175214677,1.0958002301635892
2023-09-18 04:00:00,1.0266128452084027,1.1008808136860868
2023-09-19 04:00:00,1.0241837791283654,1.095942040290807
2023-09-20 04:00:00,1.0166621808821885,1.0903655826961707
2023-09-21 04:00:00,1.0050673643331187,1.078630357693341
2023-09-22 04:00:00,0.9995308435169744,1.0741606334507812
2023-09-25 04:00:00,0.9990579388953625,1.0728717287388128
2023-09-26 04:00:00,0.988405137469118,1.0611242030863464
2023-09-27 04:00:00,0.989981956180934,1.058822544272699
2023-09-28 04:00:00,0.993318135563703,1.0608892842853481
2023-09-29 04:00:00,0.9856449505960284,1.0572151585859841
2023-10-02 04:00:00,0.9836809762752482,1.0554119482541118
2023-10-03 04:00:00,0.9760765069632642,1.0452339247221498
2023-10-04 04:00:00,0.9786889126258834,1.0465416374190393
2023-10-05 04:00:00,0.9752673552575354,1.0415122749441903
2023-10-09 04:00:00,0.97670707134804,1.0488296034476856
2023-10-10 04:00:00,0.9828727834950071,1.0534140011827893
2023-10-11 04:00:00,0.9756073944203522,1.0479205974390855
2023-10-12 04:00:00,0.9743263263154893,1.0442656701933295
2023-10-13 04:00:00,0.9834637780024869,1.0498079229510562
2023-10-16 04:00:00,0.9904242251671077,1.057244627638054
2023-10-17 04:00:00,0.9923298795841013,1.0593344285356479
2023-10-18 04:00:00,0.9995602718330681,1.057216849534842
2023-10-19 04:00:00,0.9955420710177689,1.0542558791936558
2023-10-20 04:00:00,0.9901843062825576,1.047409752559281
2023-10-23 04:00:00,0.98438611088976,1.0417709879758508
2023-10-24 04:00:00,0.9917889866450826,1.047418299843357
2023-10-25 04:00:00,0.9967430237757834,1.0492607763639006
2023-10-26 04:00:00,0.9863983600568941,1.0346663689089832
2023-10-27 04:00:00,0.9708983083994093,1.0237015390964426
2023-10-30 04:00:00,0.9847951014750994,1.0382674223519253
2023-10-31 04:00:00,0.9914282519478583,1.0449825239241515
2023-11-01 04:00:00,0.994072698268807,1.0497659627092737
2023-11-02 04:00:00,1.0101380169045056,1.0684151279365017
2023-11-03 04:00:00,1.0095385661093792,1.0711331836859515
2023-11-07 05:00:00,1.0092575951360518,1.072926970663238
2023-11-08 05:00:00,1.0072136811316323,1.0718561235233752
2023-11-09 05:00:00,1.0029954689412408,1.0740715329051393
2023-11-10 05:00:00,1.012192495104479,1.081901578138471
2023-11-13 05:00:00,1.0146730266757193,1.0839320365265523
2023-11-14 05:00:00,1.0194506149406084,1.092944024517971
2023-11-15 05:00:00,1.0191282042592553,1.0976764085141009
2023-11-16 05:00:00,1.0297574653002746,1.1056552988795376
2023-11-17 05:00:00,1.0257443164524056,1.1060661617527683
2023-11-20 05:00:00,1.029905771106757,1.11240870825301
2023-11-21 05:00:00,1.030021580839919,1.1129064497637282
2023-11-22 05:00:00,1.0363073796487117,1.1180491228503167
2023-11-24 05:00:00,1.0394198196959439,1.121357601659019
2023-11-27 05:00:00,1.0375090783391347,1.1180934358742363
2023-11-28 05:00:00,1.0411551739399665,1.1175504772837606
2023-11-29 05:00:00,1.0368607706078268,1.1134387671405466
2023-11-30 05:00:00,1.048800602776598,1.1229732955461607
2023-12-01 05:00:00,1.0514351821792947,1.127115962318393
2023-12-04 05:00:00,1.0479495060339985,1.1229146449111032
2023-12-05 05:00:00,1.0361565953462757,1.1188846505995544
2023-12-06 05:00:00,1.0316276128643302,1.1137726948369906
2023-12-07 05:00:00,1.033096158865182,1.1160801019911637
2023-12-08 05:00:00,1.032594694092059,1.1188361176492898
2023-12-11 05:00:00,1.0363038566485256,1.1198152889475523
2023-12-12 05:00:00,1.0424604609707495,1.1225196072010126
2023-12-13 05:00:00,1.052918667006073,1.1344052426804048
2023-12-14 05:00:00,1.0408010561503207,1.1306696035633164
2023-12-15 05:00:00,1.0382137201834556,1.127364523265401
2023-12-18 05:00:00,1.0452335915956217,1.131838617472709
2023-12-19 05:00:00,1.04929748259181,1.1382214198831146
2023-12-20 05:00:00,1.0363195404861736,1.1214057692590738
2023-12-21 05:00:00,1.0434352057649836,1.1284257705918537
2023-12-22 05:00:00,1.0452557874615989,1.1285492576850162
2023-12-26 05:00:00,1.0487997230354922,1.1313263933127373
2023-12-27 05:00:00,1.0504858439973963,1.1317321508716627
2023-12-28 05:00:00,1.052802753078916,1.1324660615539397
2023-12-29 05:00:00,1.0545285769479313,1.132899815832307
2024-01-02 05:00:00,1.059107324937169,1.1371354824509305
2024-01-03 05:00:00,1.0560413011070222,1.1367228235666593
2024-01-04 05:00:00,1.0552044787998207,1.1325730993987946
2024-01-05 05:00:00,1.0526458437562938,1.1316088542519156
2024-01-08 05:00:00,1.061358090530916,1.1397111286003638
2024-01-09 05:00:00,1.0602622377513695,1.1354049561653896
2024-01-10 05:00:00,1.0661453250842132,1.1396209161732354
2024-01-11 05:00:00,1.0646578827719808,1.1384916240856202
2024-01-12 05:00:00,1.068448514440615,1.1434628458593818
2024-01-16 05:00:00,1.062529040884955,1.1395454793122832
2024-01-17 05:00:00,1.061819725203707,1.1346396201164848
2024-01-18 05:00:00,1.0687711734796217,1.14408789453621
2024-01-19 05:00:00,1.0770729608101142,1.153307615090806
2024-01-22 05:00:00,1.0764930648557558,1.155902027541931
2024-01-23 05:00:00,1.082201220295001,1.160411459192312
2024-01-24 05:00:00,1.0810158430454737,1.1602538392114858
2024-01-25 05:00:00,1.0875851455312362,1.1697805529471772
2024-01-26 05:00:00,1.0823473883889825,1.1664312713629572
2024-01-29 05:00:00,1.0888050694695215,1.1738721877541076
2024-01-30 05:00:00,1.0943196807294215,1.178326529929917
2024-01-31 05:00:00,1.0821950729115342,1.1648216255714734
2024-02-01 05:00:00,1.0946760401137479,1.1763023753086062
2024-02-02 05:00:00,1.0932592514007395,1.174807964892522
2024-02-05 05:00:00,1.0837766700198932,1.1666054626250375
2024-02-06 05:00:00,1.0876538502063822,1.1739703777670385
2024-02-07 05:00:00,1.0936264724613964,1.1789038367265623
2024-02-08 05:00:00,1.0916374326561435,1.1921255514572973
2024-02-09 05:00:00,1.0906969453732245,1.1878655568681733
2024-02-12 05:00:00,1.0902874857046925,1.1887264446220502
2024-02-13 05:00:00,1.0815014002014605,1.1810327162623575
2024-02-14 05:00:00,1.0834081923851273,1.183430642600731
2024-02-15 05:00:00,1.0935772551274274,1.1952137949140145
2024-02-16 05:00:00,1.0911730249757667,1.1912689850566724
2024-02-20 05:00:00,1.095040515399313,1.190618615149628
2024-02-21 05:00:00,1.1025805483123863,1.1965261216395267
2024-02-22 05:00:00,1.1137856287350756,1.2071066448512788
2024-02-23 05:00:00,1.1158106418595966,1.2073504311178396
2024-02-26 05:00:00,1.1111703141084843,1.2032444097320456
2024-02-27 05:00:00,1.1076795545825955,1.2028946675265484
2024-02-28 05:00:00,1.1117652110769631,1.207373323086391
2024-02-29 05:00:00,1.1107631060868364,1.2073640700963222
2024-03-01 05:00:00,1.1106075595309013,1.2076857756569555
2024-03-04 05:00:00,1.1081798737312971,1.203921174889748
2024-03-05 05:00:00,1.103976402668158,1.1982527889904098
2024-03-06 05:00:00,1.1035256774206184,1.1966897492436437
2024-03-07 05:00:00,1.1038867731266766,1.1970017513054358
2024-03-08 05:00:00,1.106470238411794,1.200681396076142
2024-03-11 04:00:00,1.114781297021725,1.209311661867244
2024-03-12 04:00:00,1.122239012645056,1.2164229412900942
2024-03-13 04:00:00,1.1203684980108037,1.2133734418676838
2024-03-14 04:00:00,1.1198156099016428,1.2149340299316087
2024-03-15 04:00:00,1.1122821201486466,1.20865380386162
2024-03-18 04:00:00,1.114387845213785,1.2142623388888296
2024-03-19 04:00:00,1.119647632321257,1.2224649343992795
2024-03-20 04:00:00,1.1254356914322947,1.2312751273152271
2024-03-21 04:00:00,1.1246751036883982,1.2293453948193866
2024-03-22 04:00:00,1.1198375445683688,1.22351453004184
2024-03-25 04:00:00,1.115687349665578,1.2207127996300415
2024-03-26 04:00:00,1.116407447534734,1.2205114378617445
2024-03-27 04:00:00,1.1268967503702567,1.232806260902598
2024-03-28 04:00:00,1.1282176984762733,1.234752400309406
2024-04-01 04:00:00,1.1235998641474272,1.2302473074469258
2024-04-02 04:00:00,1.1216651057878264,1.2300046034484018
2024-04-03 04:00:00,1.1083689505424736,1.2177601290899984
2024-04-04 04:00:00,1.0986593732691892,1.2072636259792586
2024-04-05 04:00:00,1.1041619995045657,1.2148279920055833
2024-04-09 04:00:00,1.1076503036175938,1.219018840477385
2024-04-10 04:00:00,1.100067183448855,1.2117888134916035
2024-04-11 04:00:00,1.1006078315680001,1.216454694702097
2024-04-12 04:00:00,1.0839769954372955,1.19978738947263
2024-04-15 04:00:00,1.077755477378929,1.1903837709416965
2024-04-16 04:00:00,1.0711707315224699,1.1843673494610552
2024-04-17 04:00:00,1.0730481493838806,1.185659595982958
2024-04-18 04:00:00,1.0745090944804105,1.1854276525405505
2024-04-19 04:00:00,1.0837423149152665,1.1916841427909852
2024-04-22 04:00:00,1.093729812820072,1.2014107323084497
2024-04-23 04:00:00,1.101481133713227,1.2108078550777495
2024-04-24 04:00:00,1.1057525792952685,1.2157774195985573
2024-04-25 04:00:00,1.1008085165722388,1.2111566706596464
2024-04-26 04:00:00,1.09780729183743,1.206729281708914
2024-04-29 04:00:00,1.099832803578214,1.2098559329818985
2024-04-30 04:00:00,1.088739900312764,1.1974773598119015
2024-05-01 04:00:00,1.0981005625083755,1.201566719868705
2024-05-02 04:00:00,1.0995342212152557,1.2065813138036496
2024-05-03 04:00:00,1.1043393089741365,1.2159884187466368
2024-05-07 04:00:00,1.1023990186540555,1.2053794324981437
2024-05-08 04:00:00,1.1062725547754142,1.2093373586129994
2024-05-09 04:00:00,1.1140074842136085,1.2168582994342751
2024-05-10 04:00:00,1.1177887398135218,1.2225524459971615
2024-05-13 04:00:00,1.1187502347619878,1.2231235845990012
2024-05-14 04:00:00,1.120742937637834,1.2247220415016298
2024-05-15 04:00:00,1.1279762851417523,1.2314387338183352
2024-05-16 04:00:00,1.1301730262004686,1.2331154615223754
2024-05-17 04:00:00,1.1330062136925483,1.235194479880538
2024-05-20 04:00:00,1.1224605901396267,1.224895519225001
2024-05-21 04:00:00,1.1267791202206998,1.2279022852533068
2024-05-22 04:00:00,1.1248629182743295,1.2256039661627
2024-05-23 04:00:00,1.1092273794297933,1.2055489620570772
2024-05-24 04:00:00,1.1118462460741039,1.2096915648272315
2024-05-28 04:00:00,1.1053731271148723,1.2035618587945291
2024-05-29 04:00:00,1.0990894916461078,1.1952879025883918
2024-05-30 04:00:00,1.1012294697066032,1.1982488447300106
2024-05-31 04:00:00,1.1148833456836251,1.2152096956395644
2024-06-03 04:00:00,1.1113703736293654,1.2123677270322113
2024-06-04 04:00:00,1.1147089684934903,1.2165262024230539
2024-06-05 04:00:00,1.1137460861461055,1.214391085822349
2024-06-07 04:00:00,1.114428993249709,1.2143656151237414
2024-06-10 04:00:00,1.1115531848350866,1.2117008685976889
2024-06-11 04:00:00,1.113455077394704,1.2152730357654582
2024-06-12 04:00:00,1.1059895939785722,1.2120053742733996
2024-06-13 04:00:00,1.1086697766655098,1.213501996802724
2024-06-14 04:00:00,1.1075037363262443,1.2118319337544095
2024-06-17 04:00:00,1.1125717900801286,1.2187880563482374
2024-06-18 04:00:00,1.1160396772949621,1.219617056860294
2024-06-20 04:00:00,1.1193713295876953,1.2240457781889535
2024-06-21 04:00:00,1.1194707327821039,1.2262550890536745
2024-06-24 04:00:00,1.1284622010044691,1.2347073989723938
2024-06-25 04:00:00,1.1236369044088061,1.2305915041705262
2024-06-26 04:00:00,1.1262506781801382,1.233787964284988
2024-06-27 04:00:00,1.1209524567006435,1.231334982876971
2024-06-28 04:00:00,1.1133411255311563,1.2214600643590174
2024-07-01 04:00:00,1.1152244713117714,1.2238349747696189
2024-07-02 04:00:00,1.122002955468939,1.229162701035029
2024-07-03 04:00:00,1.1242644129956143,1.2330516902932482
2024-07-05 04:00:00,1.1287587185895802,1.2373421554083173
2024-07-09 04:00:00,1.1260751638352777,1.2344467839189441
2024-07-10 04:00:00,1.133589055001754,1.243993685806543
2024-07-11 04:00:00,1.1298785787845254,1.240564772047413
2024-07-12 04:00:00,1.1347744297815663,1.2442713146828903
2024-07-15 04:00:00,1.1376524187931425,1.2488612879487415
2024-07-16 04:00:00,1.1477566938129546,1.261144025110891
2024-07-17 04:00:00,1.1598599281636088,1.2702641425104275
2024-07-18 04:00:00,1.151255874491773,1.2591880110312414
2024-07-19 04:00:00,1.144718633602848,1.2511341610976614
2024-07-22 04:00:00,1.1445747121767407,1.2509546653583459
2024-07-23 04:00:00,1.136024823268556,1.2394639977951234
2024-07-24 04:00:00,1.1317184426735518,1.23116822529325
2024-07-25 04:00:00,1.1331374025232186,1.2305824313547686
2024-07-26 04:00:00,1.146135976684079,1.2431265919362382
2024-07-29 04:00:00,1.146894710613764,1.2489082502242186
2024-07-30 04:00:00,1.1477884335130681,1.255983520649364
2024-07-31 04:00:00,1.141967916844509,1.2509794391745659
2024-08-01 04:00:00,1.148722348581264,1.2532141468388192
2024-08-02 04:00:00,1.1545982612367782,1.2538985655388366
2024-08-05 04:00:00,1.1271601334031751,1.2218996659111359
2024-08-07 04:00:00,1.1305456550067252,1.2202333679090145
2024-08-08 04:00:00,1.1419641303622061,1.2326313759691132
2024-08-09 04:00:00,1.146393822201052,1.2364601983799681
2024-08-12 04:00:00,1.1407438318412755,1.234184878543554
2024-08-13 04:00:00,1.1442718760012012,1.2380870667448671
2024-08-14 04:00:00,1.1509544717758826,1.2449883028788138
2024-08-15 04:00:00,1.1580663109786071,1.2576467323308502
2024-08-16 04:00:00,1.1606821641433995,1.262309571161707
2024-08-19 04:00:00,1.163697979780902,1.2704501890986857
2024-08-20 04:00:00,1.163892896720509,1.2680513521445351
2024-08-21 04:00:00,1.1647003589389413,1.27147074448144
2024-08-22 04:00:00,1.1630235708830232,1.268845602322694
2024-08-23 04:00:00,1.1689146520011233,1.2755765999003448
2024-08-26 04:00:00,1.1773419368943205,1.2828883461973746
2024-08-27 04:00:00,1.1773416596229231,1.2832821255142337
2024-08-28 04:00:00,1.1748678110602542,1.2779980000222086
2024-08-29 04:00:00,1.1835972142109719,1.287703983721358
2024-08-30 04:00:00,1.1911791159264953,1.2951179019792747
2024-09-03 04:00:00,1.1872763498906602,1.2866912955500143
2024-09-04 04:00:00,1.1853998978761384,1.2858583435464161
2024-09-05 04:00:00,1.1766037949262593,1.2782417562117565
2024-09-09 04:00:00,1.1895865254131988,1.2924539280289866
2024-09-10 04:00:00,1.1837787982047467,1.2845566205293475
2024-09-11 04:00:00,1.1776236185340816,1.2817542062911618
2024-09-12 04:00:00,1.18097355452781,1.2871854784721326
2024-09-13 04:00:00,1.1855039972076398,1.2934844668725716
2024-09-16 04:00:00,1.1960499190743112,1.3022558793839147
2024-09-17 04:00:00,1.1982522940354237,1.3054053340904845
2024-09-18 04:00:00,1.194243882738885,1.3024403850960315
2024-09-19 04:00:00,1.1945741922505682,1.3074076261411032
2024-09-20 04:00:00,1.1986265374016634,1.3104993709293784
2024-09-23 04:00:00,1.1993887677255526,1.3123157116481952
2024-09-24 04:00:00,1.1914202417485653,1.3041247916975205
2024-09-25 04:00:00,1.184402772059653,1.2976775399235494
2024-09-26 04:00:00,1.1858095119312755,1.3010125294854165
2024-09-27 04:00:00,1.1920873357070028,1.307868840731493
2024-09-30 04:00:00,1.1971231162868157,1.3142538928745502
2024-10-01 04:00:00,1.1915570101181525,1.305376230772156
2024-10-02 04:00:00,1.188403634477971,1.3039015040536406
2024-10-03 04:00:00,1.1830394767489967,1.2991943440799063
2024-10-04 04:00:00,1.1880302191410657,1.307673402623781
2024-10-08 04:00:00,1.1908614439702736,1.3105979402079413
2024-10-09 04:00:00,1.1996008767804998,1.3210825164713744
2024-10-10 04:00:00,1.1976872783987824,1.319574664953171
2024-10-11 04:00:00,1.2072110017908242,1.3305209522096435
2024-10-14 04:00:00,1.2163228436878033,1.3409692467248135
2024-10-15 04:00:00,1.2169829597287332,1.3415297095876995
2024-10-16 04:00:00,1.2174278694529514,1.3476441096200802
2024-10-17 04:00:00,1.2156963142967678,1.3487948446771039
2024-10-18 04:00:00,1.2207752522108826,1.3546251066124344
2024-10-21 04:00:00,1.2122662732675071,1.345783956685365
2024-10-22 04:00:00,1.2167931331233492,1.3493619549197484
2024-10-23 04:00:00,1.2069776699445451,1.3356163917264299
2024-10-24 04:00:00,1.2023328232620905,1.3325309752427834
2024-10-25 04:00:00,1.1961303692343663,1.3230915686640425
2024-10-28 04:00:00,1.1995845602100612,1.3306141823202717
2024-10-29 04:00:00,1.1900742467599452,1.321979130508685
2024-10-30 04:00:00,1.18874822095553,1.3216038483197885
2024-10-31 04:00:00,1.1732563413759816,1.3088968875502232
2024-11-01 04:00:00,1.1706850008979865,1.3078208841104342
2024-11-04 05:00:00,1.1711637958377845,1.3070627536986337
2024-11-05 05:00:00,1.177017943781427,1.3152105532673752
2024-11-06 05:00:00,1.1838335929760415,1.3354544422097523
2024-11-07 05:00:00,1.1866388093444562,1.3349289201750245
2024-11-08 05:00:00,1.1914935327829264,1.3401206181666236
2024-11-11 05:00:00,1.1860074749062604,1.3397483036073323
2024-11-12 05:00:00,1.1842113443381925,1.3374952125764183
2024-11-13 05:00:00,1.1892670170216926,1.3430987475137293
2024-11-14 05:00:00,1.1925228975873645,1.3525906482290058
2024-11-15 05:00:00,1.1929960764851302,1.3548842889899586
2024-11-18 05:00:00,1.1986848490580801,1.3584208604479344
2024-11-19 05:00:00,1.196185444031116,1.3546765259254985
2024-11-20 05:00:00,1.1987037004233418,1.356430582463013
2024-11-21 05:00:00,1.2094625843230264,1.365385665124781
2024-11-22 05:00:00,1.2175852831022302,1.3743309165342747
2024-11-25 05:00:00,1.2220189881503345,1.3826815585284562
2024-11-26 05:00:00,1.225603435662769,1.3851862677622049
2024-11-27 05:00:00,1.22584959291521,1.3868723297028427
2024-11-29 05:00:00,1.2273829062026227,1.3890766638673349
2024-12-02 05:00:00,1.229204609041263,1.3895029477481542
2024-12-03 05:00:00,1.2200470529814604,1.383085424830765
2024-12-04 05:00:00,1.2100262452496333,1.375230644484072
2024-12-05 05:00:00,1.214852387801101,1.3811845178651705
2024-12-06 05:00:00,1.2103578822799304,1.3790941484436499
2024-12-09 05:00:00,1.2042396075058404,1.3746978359613298
2024-12-10 05:00:00,1.2073139242415412,1.376823531488398
2024-12-11 05:00:00,1.2030101513532587,1.3714010490536943
2024-12-12 05:00:00,1.20644934311671,1.3743588250607341
2024-12-13 05:00:00,1.2016495480877414,1.3689629562675125
2024-12-16 05:00:00,1.1981078692838718,1.3651265267117707
2024-12-17 05:00:00,1.2022386940033996,1.3710874054278759
2024-12-18 05:00:00,1.1807303200263146,1.3445318570862175
2024-12-19 05:00:00,1.1814702036664972,1.3458085394753032
2024-12-20 05:00:00,1.1869121268676022,1.3546420578186718
2024-12-23 05:00:00,1.1875391354732308,1.3544472708169666
2024-12-24 05:00:00,1.1968753293721694,1.3659647596715823
2024-12-26 05:00:00,1.1987189313127236,1.3672243126433035
2024-12-27 05:00:00,1.1910603671010422,1.3579409075484152
2024-12-30 05:00:00,1.1784500772114954,1.3437137243911785
2024-12-31 05:00:00,1.181916581982357,1.3474918562855585
2025-01-02 05:00:00,1.1727416328162286,1.339927369482002
2025-01-03 05:00:00,1.1752003882877755,1.3446482952673853
2025-01-07 05:00:00,1.176553860681095,1.3455246215035035
2025-01-08 05:00:00,1.1774730197684184,1.3404660410599858
2025-01-10 05:00:00,1.1596848166404214,1.323064955821977
2025-01-13 05:00:00,1.1654273612342703,1.3302690924446519
2025-01-14 05:00:00,1.1701021670672467,1.3333293764081742
2025-01-15 05:00:00,1.181313479069989,1.3472340034574481
2025-01-16 05:00:00,1.1781315610012715,1.3434556677818141
2025-01-17 05:00:00,1.1872613987829728,1.35280529698268
2025-01-21 05:00:00,1.1859310586452196,1.3548373750222042
2025-01-22 05:00:00,1.1914318696280226,1.356713100056488
2025-01-23 05:00:00,1.1987589552226103,1.367245538627126
2025-01-24 05:00:00,1.1957965236695491,1.3663670238096146
2025-01-27 05:00:00,1.2205836944739041,1.391655899562014
2025-01-28 05:00:00,1.2150787269731724,1.3879334946892004
2025-01-29 05:00:00,1.2180275176621989,1.3907560811888333
2025-01-30 05:00:00,1.221419004709646,1.3917788552874117
2025-01-31 05:00:00,1.2114560543489519,1.382095606076974
2025-02-03 05:00:00,1.2117604680249967,1.3813107735545536
2025-02-04 05:00:00,1.2162353502260101,1.3872129285922068
2025-02-05 05:00:00,1.219900272291824,1.3892156421356323
2025-02-06 05:00:00,1.221185802564056,1.395194844949813
2025-02-07 05:00:00,1.216143577768382,1.3884598770751602
2025-02-10 05:00:00,1.2210575899266287,1.3978771001869892
2025-02-11 05:00:00,1.2388932834247879,1.4139972415667075
2025-02-12 05:00:00,1.2386025791141224,1.4127902955900795
2025-02-13 05:00:00,1.2500621239031455,1.4254365328046117
2025-02-14 05:00:00,1.2362523023582033,1.4173567433412446
2025-02-18 05:00:00,1.24532097969552,1.4229728367370773
2025-02-19 05:00:00,1.2548254709959243,1.430892266736963
2025-02-20 05:00:00,1.2550650779802404,1.4278046537314668
2025-02-21 05:00:00,1.2579842647455213,1.4270662774834175
2025-02-24 05:00:00,1.2582108446025184,1.430855444786523
2025-02-25 05:00:00,1.2600148172809944,1.431686222420477
2025-02-26 05:00:00,1.2520193013463097,1.4219166324005963
2025-02-27 05:00:00,1.2518431734433002,1.4239133978920715
2025-02-28 05:00:00,1.2674025766960642,1.4414432499282217
2025-03-03 05:00:00,1.2623743443753588,1.4322405129086893
2025-03-04 05:00:00,1.2417366061468347,1.409353857891949
2025-03-05 05:00:00,1.2455883696713108,1.4137393605806177
2025-03-06 05:00:00,1.2436008335773194,1.4064800579989902
2025-03-07 05:00:00,1.2522166809484385,1.416079719724775
2025-03-10 04:00:00,1.2401619900551317,1.3967417311255772
2025-03-11 04:00:00,1.2188406722202645,1.3673407198040357
2025-03-12 04:00:00,1.2054914622122168,1.3550450467490094
2025-03-13 04:00:00,1.1951680347679001,1.3411867759714444
2025-03-14 04:00:00,1.2092759118900787,1.359677997226863
2025-03-17 04:00:00,1.2195905295409604,1.3705416653558125
2025-03-18 04:00:00,1.2136068787074792,1.3663357478880762
2025-03-19 04:00:00,1.2230347982100744,1.378365364937289
2025-03-20 04:00:00,1.2220670545948584,1.3757819006242
2025-03-21 04:00:00,1.2213943201072897,1.3774026934940748
2025-03-24 04:00:00,1.2285264903950903,1.387504869462889
2025-03-25 04:00:00,1.228448201120714,1.3910959212952176
2025-03-26 04:00:00,1.2372461408888142,1.3977795319611752
2025-03-27 04:00:00,1.244812319788521,1.403288235104338
2025-03-28 04:00:00,1.2296365356353285,1.382704510857285
2025-03-31 04:00:00,1.2451563423608816,1.3995048131823724
2025-04-01 04:00:00,1.238470697797716,1.3893575095719572
2025-04-02 04:00:00,1.2375662373827296,1.3899486794554905
2025-04-03 04:00:00,1.2162568391198858,1.354145581412572
2025-04-04 04:00:00,1.1471658737086043,1.2749075009555564
2025-04-08 04:00:00,1.1403623724736736,1.260145084829461
2025-04-09 04:00:00,1.1927421695673521,1.3420327627094397
2025-04-10 04:00:00,1.1873840323045126,1.3111421220431723
2025-04-11 04:00:00,1.2093392221955492,1.3393336474074955
2025-04-14 04:00:00,1.223781719789471,1.350586354113816
2025-04-15 04:00:00,1.2163272934513034,1.3453186766768148
2025-04-16 04:00:00,1.202630059683015,1.32600838210327
2025-04-17 04:00:00,1.2184221755349731,1.3437345602918578
2025-04-21 04:00:00,1.2045979845006565,1.3240748873881485
2025-04-22 04:00:00,1.2295128824376387,1.3558180823537553
2025-04-23 04:00:00,1.2295215369255328,1.361771011886294
2025-04-24 04:00:00,1.2257067515856652,1.369584489394078
2025-04-25 04:00:00,1.2235790479368303,1.371339320186362
2025-04-28 04:00:00,1.2247233720642545,1.373517908413855
2025-04-29 04:00:00,1.2313958889758754,1.3797612938802157
2025-04-30 04:00:00,1.2372849248389155,1.3820885090078754
2025-05-01 04:00:00,1.231168046231798,1.3843701986130788
2025-05-02 04:00:00,1.2371660761433347,1.3926828041467714
2025-05-05 04:00:00,1.234504758494361,1.3839137573260214
2025-05-07 04:00:00,1.2444278211902409,1.402514686267577
2025-05-08 04:00:00,1.2367507408047251,1.407490541466625
2025-05-09 04:00:00,1.2306762216787557,1.4080667220751548
2025-05-12 04:00:00,1.2331666970016328,1.4340664276417006
2025-05-13 04:00:00,1.2185190185243913,1.4291230126639642
2025-05-14 04:00:00,1.2181056690012768,1.4294308507254774
2025-05-15 04:00:00,1.2439506682688324,1.4484902953061074
2025-05-16 04:00:00,1.2522346161816964,1.4560509374904853
2025-05-19 04:00:00,1.2568437275212538,1.4556763126639862
2025-05-20 04:00:00,1.2567148347775905,1.4524217848600955
2025-05-21 04:00:00,1.2499864581122644,1.4352985955644533
2025-05-22 04:00:00,1.2447853448125887,1.4318204201759313
2025-05-23 04:00:00,1.2466214651749474,1.4249496807325175
2025-05-27 04:00:00,1.2579636953952322,1.444149742109038
2025-05-28 04:00:00,1.248831998191736,1.436051561018191
2025-05-29 04:00:00,1.2537990043969176,1.4414837316025082
2025-05-30 04:00:00,1.262323141499185,1.449150736325693
2025-06-02 04:00:00,1.2635726892273789,1.45008694745682
2025-06-03 04:00:00,1.2578439539168724,1.4509714112883225
2025-06-04 04:00:00,1.2559018488062834,1.4465637178343662
2025-06-05 04:00:00,1.253842685116647,1.4381101292387244
2025-06-09 04:00:00,1.2560634006072435,1.4379888985440816
2025-06-10 04:00:00,1.2586616372526869,1.4482770858278535
2025-06-11 04:00:00,1.2573693215536006,1.4488944134610158
2025-06-12 04:00:00,1.2656626713534833,1.4531734803290866
2025-06-13 04:00:00,1.2591496033112757,1.4390727668252288
2025-06-16 04:00:00,1.2542019323035474,1.4432592103555948
2025-06-17 04:00:00,1.2410456100233038,1.4331966601618373
2025-06-18 04:00:00,1.2366186545779225,1.424404980764529
2025-06-20 04:00:00,1.2311997380338138,1.4264093404346452
2025-06-23 04:00:00,1.2450415795372611,1.4357692235999355
2025-06-24 04:00:00,1.2522013525540752,1.4404708065302159
2025-06-25 04:00:00,1.24744740269127,1.4365319213890206
2025-06-26 04:00:00,1.2510752059715027,1.4440862006823905
2025-06-27 04:00:00,1.258731662558533,1.4504876100971922
2025-06-30 04:00:00,1.2628359956291055,1.4588550369730189
2025-07-01 04:00:00,1.2751316282646692,1.4702491901004255
2025-07-02 04:00:00,1.2696231860177645,1.4720174213824473
2025-07-03 04:00:00,1.2784933382973795,1.483244898650634
2025-07-08 04:00:00,1.2706040453904466,1.4754558748866478
2025-07-09 04:00:00,1.2716111411415805,1.4770663240059216
2025-07-10 04:00:00,1.281913783202182,1.4874026096289503
2025-07-11 04:00:00,1.2822929261167193,1.4805173801301912
2025-07-14 04:00:00,1.281598931214689,1.4758261917858067
2025-07-15 04:00:00,1.275995547821474,1.4679756993671196
2025-07-16 04:00:00,1.2909940304568361,1.4792091991482765
2025-07-17 04:00:00,1.3005706818243832,1.4889110774119403
2025-07-18 04:00:00,1.293429819067583,1.481462305092686
2025-07-21 04:00:00,1.2945499228427166,1.4830378161696647
2025-07-22 04:00:00,1.2995520783470536,1.491771809261918
2025-07-23 04:00:00,1.3022208496517833,1.499591896589445
2025-07-24 04:00:00,1.302391119335703,1.499055283865392
2025-07-25 04:00:00,1.3057226041751497,1.5017862113627087
2025-07-28 04:00:00,1.2971158682875017,1.4958228098222335
2025-07-29 04:00:00,1.3094970852264365,1.4986643256620302
2025-07-30 04:00:00,1.3065432760189621,1.4914439588339845
2025-07-31 04:00:00,1.3022952906495122,1.4831901394608986
2025-08-01 04:00:00,1.3048327519149616,1.4710312671090737
2025-08-04 04:00:00,1.3190334472284808,1.4833420884534667
2025-08-05 04:00:00,1.3098857599013356,1.472905970579464
2025-08-07 04:00:00,1.3093512871134658,1.4706772173292686
2025-08-08 04:00:00,1.31224528790991,1.4810484541869748
2025-08-11 04:00:00,1.3138967568096465,1.4807449565542503
2025-08-12 04:00:00,1.316383544811248,1.4865598962677462
2025-08-13 04:00:00,1.3151490825227163,1.496655410105579
2025-08-14 04:00:00,1.3193864285275005,1.4978936073366564
2025-08-15 04:00:00,1.320361370643091,1.4961478068648306
2025-08-18 04:00:00,1.3157619443161943,1.495610057753623
2025-08-19 04:00:00,1.318500750842333,1.5004582350101245
2025-08-20 04:00:00,1.3224369365416269,1.5044995096833589
2025-08-21 04:00:00,1.3216011714964215,1.5022912030766753
2025-08-22 04:00:00,1.326412126663007,1.5160981636422588
2025-08-25 04:00:00,1.3175785685523522,1.506706330615564
2025-08-26 04:00:00,1.3161606605319165,1.5085709814587336
2025-08-27 04:00:00,1.3193337034718393,1.513736422136883
2025-08-28 04:00:00,1.3188635162285325,1.5138241061355155
2025-08-29 04:00:00,1.3235846740098358,1.5207599298883845
2025-09-02 04:00:00,1.326655118209545,1.5212718215374224
2025-09-03 04:00:00,1.3267590556322115,1.5228258820102403
2025-09-04 04:00:00,1.330647213329188,1.529504995740609
2025-09-05 04:00:00,1.3129070128480496,1.5105376933622034
2025-09-09 04:00:00,1.3125774304642988,1.5111482085678505
2025-09-10 04:00:00,1.3055302152243586,1.4998765202123954
2025-09-11 04:00:00,1.3166375224200393,1.5126002342134495
2025-09-12 04:00:00,1.3168413091459001,1.5114818037348292
2025-09-15 04:00:00,1.315465213682056,1.5115305640061139
2025-09-16 04:00:00,1.311443809298928,1.5148604608341554
2025-09-17 04:00:00,1.3184047135084636,1.5271281923618474
2025-09-18 04:00:00,1.3057323040613313,1.5109776573512137
2025-09-19 04:00:00,1.3166198487901404,1.5190817871892228
2025-09-22 04:00:00,1.3087133800624104,1.517226595952739
2025-09-23 04:00:00,1.312402557678438,1.5173026547885609
2025-09-24 04:00:00,1.3148822103195363,1.5190347666799813
2025-09-25 04:00:00,1.3124623809701017,1.518497564120006
2025-09-26 04:00:00,1.3232918510234082,1.52695223515048
2025-09-29 04:00:00,1.3277221666256105,1.528601869837206
2025-09-30 04:00:00,1.33865947937031,1.5322191673607155
2025-10-01 04:00:00,1.3354987646107686,1.5301439685492542
2025-10-02 04:00:00,1.3292206672537699,1.522474197985931
2025-10-03 04:00:00,1.33949219783844,1.5337821888092091
2025-10-07 04:00:00,1.3392952612226037,1.5372590335406195
2025-10-08 04:00:00,1.3369236124311608,1.5312215988939237
2025-10-09 04:00:00,1.340459835660073,1.5255544630146807
2025-10-10 04:00:00,1.332134516597473,1.5097330111837248
2025-10-13 04:00:00,1.340584405304223,1.518026780281535
2025-10-14 04:00:00,1.3396693111862306,1.524145584540607
2025-10-15 04:00:00,1.3423784691735081,1.523383809440187
2025-10-16 04:00:00,1.339806659929992,1.5139797367809706
2025-10-17 04:00:00,1.3464108800227925,1.5291954626807926
2025-10-20 04:00:00,1.3531594865630332,1.5429877553942972
2025-10-21 04:00:00,1.3511851275979976,1.549674324870678
2025-10-22 04:00:00,1.3539192237385116,1.5485867045048378
2025-10-23 04:00:00,1.3496845964200643,1.5475735486178024
2025-10-24 04:00:00,1.349517989101542,1.5501120794134164
2025-10-27 04:00:00,1.3596353350096138,1.561820779356934
2025-10-28 04:00:00,1.3566038625332473,1.5583167572605674
2025-10-29 04:00:00,1.3496267386555203,1.5470488108635394
2025-10-30 04:00:00,1.351016233104141,1.5514508498837163
2025-10-31 04:00:00,1.34472512930654,1.5465047584423113
2025-11-03 05:00:00,1.332966635638703,1.5336870634077513
2025-11-04 05:00:00,1.3356982947023628,1.5372119071818338
2025-11-05 05:00:00,1.3332618660714233,1.5362792477362737
2025-11-06 05:00:00,1.3282598185494978,1.5311394858799565
2025-11-07 05:00:00,1.3342845723132886,1.5387658449526205
2025-11-10 05:00:00,1.3452842433727992,1.5460978361786948
2025-11-11 05:00:00,1.3666349576883203,1.57121507026981
2025-11-12 05:00:00,1.3716576116167725,1.5736512298829546
2025-11-13 05:00:00,1.3611814787022478,1.5529671251201544
2025-11-14 05:00:00,1.3640685725962327,1.5486010966651091
2025-11-17 05:00:00,1.3651773247833145,1.5378891329485738
2025-11-18 05:00:00,1.3585222878150502,1.5362759063084444
2025-11-19 05:00:00,1.3599378669673479,1.5344929940651604
2025-11-20 05:00:00,1.3542336271079818,1.5273707954102598
2025-11-21 05:00:00,1.3610418694908204,1.542368547427476
2025-11-24 05:00:00,1.3629565275620512,1.535806507008458
2025-11-25 05:00:00,1.3748066683476976,1.5483621623512644
2025-11-26 05:00:00,1.3872906342343765,1.5559737124763695
2025-11-28 05:00:00,1.3941976903591244,1.5646162354656445
2025-12-01 05:00:00,1.3789384758749386,1.5591514876656003
2025-12-02 05:00:00,1.3741047078604207,1.5506576713321922
2025-12-03 05:00:00,1.3722513835827568,1.557150923934331
2025-12-04 05:00:00,1.3697825891577082,1.5518329311010497
2025-12-05 05:00:00,1.369308620440887,1.5498200158996946
2025-12-08 05:00:00,1.3704224424855644,1.5466337939847872
2025-12-09 05:00:00,1.3715083251810103,1.541646254921306
2025-12-10 05:00:00,1.3745810889287928,1.5525870113318487
2025-12-11 05:00:00,1.3784621048712753,1.5714490589596788
2025-12-12 05:00:00,1.3886538059201403,1.5810601525755517
2025-12-15 05:00:00,1.3932166902422698,1.5823409476493315
2025-12-16 05:00:00,1.3784138802354766,1.5706617579388837
2025-12-17 05:00:00,1.388630251131822,1.577079432372822
2025-12-18 05:00:00,1.3879348731993817,1.5760516246117564
2025-12-19 05:00:00,1.3825557437496787,1.5752849609688295
2025-12-22 05:00:00,1.3850655178560938,1.5805148219038672
2025-12-23 05:00:00,1.381305016972132,1.58271762022981
2025-12-24 05:00:00,1.3883607400743787,1.5925963467099329
2025-12-26 05:00:00,1.3851418126570336,1.5884259398446383
2025-12-29 05:00:00,1.3859098001091747,1.588341646381218
2025-12-30 05:00:00,1.3847242772360722,1.5873765435766192
2025-12-31 05:00:00,1.378586555385041,1.578867857521608
2026-01-02 05:00:00,1.3687402381111364,1.5705689373739755
2026-01-05 05:00:00,1.3596229898300551,1.5740843204333137
2026-01-06 05:00:00,1.360254489209574,1.5721631841396169
2026-01-07 05:00:00,1.3624027940806696,1.562652664498184
2026-01-08 05:00:00,1.3752250232580938,1.5767535804407762
2026-01-09 05:00:00,1.380828544480428,1.5816260410432657
2026-01-12 05:00:00,1.386461838702341,1.5769092458504996
2026-01-13 05:00:00,1.3950431980315632,1.5718645203252681
2026-01-14 05:00:00,1.3991421809318239,1.5775161168872598
2026-01-15 05:00:00,1.3923285303570463,1.5711019308957834
2026-01-16 05:00:00,1.393674455943755,1.5688749463941714
2026-01-20 05:00:00,1.3938290476368134,1.5579701574197986
2026-01-21 05:00:00,1.3918405562018517,1.5630609871465175
2026-01-22 05:00:00,1.3993990296161494,1.5717371189709943
2026-01-23 05:00:00,1.4212237400131826,1.5784205208771378
2026-01-26 05:00:00,1.4267875581874927,1.589242151340705
2026-01-27 05:00:00,1.4455893854033384,1.5975621175140051
2026-01-28 05:00:00,1.448245149692042,1.5967448216995388
2026-01-29 05:00:00,1.4205828677442258,1.5982966517401294
2026-01-30 05:00:00,1.4258557913267031,1.6002477602339102
2026-02-02 05:00:00,1.426828254044037,1.602943563369839
2026-02-03 05:00:00,1.4349882992227867,1.6126370152448934
2026-02-04 05:00:00,1.4489242656557089,1.634097013742537
2026-02-05 05:00:00,1.4394825840129486,1.6232144309706165
2026-02-06 05:00:00,1.4585719916152957,1.6492735084593377
2026-02-09 05:00:00,1.4611227530178115,1.6435105352686075
2026-02-10 05:00:00,1.4568501749372453,1.6466412732782556
2026-02-11 05:00:00,1.4618307382365994,1.6475541085482297
2026-02-12 05:00:00,1.4668689255436087,1.6268993114990618
2026-02-13 05:00:00,1.4586970231792724,1.6163998922028677
2026-02-17 05:00:00,1.4575532517604277,1.623705314574535
2026-02-18 05:00:00,1.4645344869322685,1.63229876023314
2026-02-19 05:00:00,1.4655224066248749,1.6288992232171244
2026-02-20 05:00:00,1.4625609105724182,1.6310907922411608
2026-02-23 05:00:00,1.4670145953330844,1.62548354084998
2026-02-24 05:00:00,1.4709079052836322,1.6329975304517106
2026-02-25 05:00:00,1.4771658375015375,1.6405965227030652
2026-02-26 05:00:00,1.4772968235566288,1.6440073375789162
2026-02-27 05:00:00,1.490431211262425,1.651037714535671
2026-03-02 05:00:00,1.4841917612138573,1.642411076690348
2026-03-03 05:00:00,1.4776834084251373,1.6343195205471701
2026-03-04 05:00:00,1.468440274592544,1.6256601067459353
2026-03-05 05:00:00,1.453946626279666,1.6104795332983393
2026-03-06 05:00:00,1.4531445762026136,1.6041668650855343
2026-03-09 04:00:00,1.4618592816090719,1.6108091082760738
2026-03-10 04:00:00,1.4577082054129766,1.605839957938186
2026-03-11 04:00:00,1.4545852784338353,1.5999757066974605
2026-03-12 04:00:00,1.4490277487728203,1.5873277200530789
2026-03-13 04:00:00,1.4490339049080918,1.5860314650091996
2026-03-16 04:00:00,1.4593733251511705,1.5964057472205575
2026-03-17 04:00:00,1.4522066574141357,1.5962265095876762
2026-03-18 04:00:00,1.4286391847277,1.5693826913434887
2026-03-19 04:00:00,1.421044341886496,1.5626523904876364
2026-03-20 04:00:00,1.409333671762084,1.5572884731897223
2026-03-23 04:00:00,1.4136608931900927,1.5624848026998528
2026-03-24 04:00:00,1.4072228621183245,1.5587834248467276
2026-03-25 04:00:00,1.416641469579862,1.5652502479282446
2026-03-26 04:00:00,1.4074832446906256,1.5570903782439953
2026-03-27 04:00:00,1.4072637242230313,1.543955605203251
2026-03-30 04:00:00,1.4175495667729978,1.5557261221247367
2026-03-31 04:00:00,1.4303925179525123,1.5755959560980464
2026-04-01 04:00:00,1.4208940506101477,1.5648540915980105
2026-04-02 04:00:00,1.4246111855521095,1.5670392594595526
2026-04-07 04:00:00,1.4129221776431042,1.555461525311434
2026-04-08 04:00:00,1.422976199795229,1.5764533824603273
2026-04-09 04:00:00,1.428064156771469,1.5825767861954791
2026-04-10 04:00:00,1.4138534002780183,1.568916163432382
2026-04-13 04:00:00,1.4169100343940093,1.5769079283029686
2026-04-14 04:00:00,1.4164472138583584,1.5792519210977518
2026-04-15 04:00:00,1.4210091423302968,1.5896032874189987
2026-04-16 04:00:00,1.4252161369236915,1.5945051707638362
2026-04-17 04:00:00,1.4263453337209586,1.6060863277243154
2026-04-20 04:00:00,1.4188797203067685,1.601359978188305
2026-04-21 04:00:00,1.4069702800794168,1.5834460796849699
2026-04-22 04:00:00,1.4108169573601674,1.5930725626469089
2026-04-23 04:00:00,1.4192219559642865,1.5955385982867887
2026-04-24 04:00:00,1.415500004279214,1.593567302767655
2026-04-27 04:00:00,1.4011821826853792,1.5836835566618093
2026-04-28 04:00:00,1.4233702330756481,1.5979122898166842
2026-04-29 04:00:00,1.4239227741162561,1.6085673615149338
2026-04-30 04:00:00,1.423388382005121,1.61032710443789
2026-05-01 04:00:00,1.4146080360709816,1.6083530882300268
2026-05-04 04:00:00,1.4045155070432858,1.5927688291519226
2026-05-05 04:00:00,1.4097754464795156,1.5984140465819185
2026-05-07 04:00:00,1.4009315590131572,1.5911577514170125
2026-05-08 04:00:00,1.388681508768373,1.5808195382292234
2026-05-11 04:00:00,1.3922402266531255,1.5784559758015744
2026-05-12 04:00:00,1.4012221990831055,1.5905563960871771
2026-05-13 04:00:00,1.405133738855824,1.588943860883833
2026-05-14 04:00:00,1.4103350073732448,1.593962737982031
2026-05-15 04:00:00,1.4232351134880235,1.6002419558299208
2026-05-18 04:00:00,1.4364749376789547,1.6157537440255854
2026-05-19 04:00:00,1.4345066308850438,1.6095612182330592
2026-05-20 04:00:00,1.431077813230366,1.6129588779037383
2026-05-21 04:00:00,1.434077499243594,1.6172235123951688
2026-05-22 04:00:00,1.4388699924367558,1.6209979446500833
2026-05-26 04:00:00,1.4215179605505024,1.6064777805736739
2026-05-27 04:00:00,1.4220015223828848,1.6116303003497996
2026-05-28 04:00:00,1.4217681325562899,1.607531770640331
2026-05-29 04:00:00,1.423798190802741,1.6048581632848216
2026-06-01 04:00:00,1.4262960020261377,1.6010048660493335
2026-06-02 04:00:00,1.4193239124078008,1.5975212743728273
2026-06-03 04:00:00,1.413609706572562,1.585890040771429
2026-06-04 04:00:00,1.4190907922546139,1.5952345869787035
2026-06-05 04:00:00,1.4300257910337058,1.6092493544991315
2026-06-09 04:00:00,1.4333693456547931,1.6149418934630677
2026-06-10 04:00:00,1.4384098882549572,1.6169491528672235
2026-06-11 04:00:00,1.4294203033295168,1.6135358963946262
2026-06-12 04:00:00,1.4360511900515602,1.6199241325882243
2026-06-15 04:00:00,1.427533305840604,1.61845309854714
2026-06-16 04:00:00,1.4316621556900395,1.6302336345204238
2026-06-17 04:00:00,1.4152343495033413,1.6143229349924837
2026-06-18 04:00:00,1.3995502241378261,1.6033690865000203
2026-06-22 04:00:00,1.393025059779399,1.5935950629413504
2026-06-23 04:00:00,1.4132697594985362,1.6116125226136218
2026-06-24 04:00:00,1.406869334627243,1.6062349357656347
2026-06-25 04:00:00,1.390592489917177,1.5797308937059367
2026-06-26 04:00:00,1.4219924566622233,1.6079237209826975
2026-06-29 04:00:00,1.4204106491687316,1.6071203183023455
2026-06-30 04:00:00,1.417518993899677,1.6056002338666693
2026-07-01 04:00:00,1.4294796041349849,1.6192482715472003
2026-07-02 04:00:00,1.465328586882934,1.6649236803465377
2026-07-07 04:00:00,1.4894905390763553,1.6823907079544853
2026-07-08 04:00:00,1.4703298569047671,1.6621119610346446
2026-07-09 04:00:00,1.4606843834038048,1.6545452951886601
2026-07-10 04:00:00,1.463636709170665,1.6554663176162776
2026-07-13 04:00:00,1.4797805882448458,1.6719361061681375
2026-07-14 04:00:00,1.4714979388184257,1.6621724274577123
2026-07-15 04:00:00,1.4754221115023713,1.6706011726530492
2026-07-16 04:00:00,1.4966635735747753,1.7010680565615228
2026-07-17 04:00:00,1.4838638266618398,1.6823821663056844
2026-07-20 04:00:00,1.4833041867824883,1.6785627242007324
2026-07-21 04:00:00,1.4892264400493938,1.678920959094112
2026-07-22 04:00:00,1.4967052832233483,1.682508519184361
2026-07-23 04:00:00,1.49252072930787,1.6711807901686528
2026-07-24 04:00:00,1.5077838481974202,1.6922575476073458
2026-07-27 04:00:00,1.5231754561118007,1.7136100812180037
2026-07-28 04:00:00,1.5389282885849955,1.7324427520065364
2026-07-29 04:00:00,1.5331299246206596,1.7252495900351064
2026-07-30 04:00:00,1.5573560124944164,1.7357383638454542
2026-07-31 04:00:00,1.5550440584223315,1.7276314869056835
2026-08-03 04:00:00,1.5607391465420337,1.7307390142381927
2026-08-04 04:00:00,1.5700482227437327,1.7444778807601216
2026-08-05 04:00:00,1.5705002023153345,1.752179953143846
2026-08-07 04:00:00,1.569948437791142,1.7473287185047062
2026-08-10 04:00:00,1.5852471170827538,1.7538031343925486
2026-08-11 04:00:00,1.5807132081383044,1.7505439502249658
2026-08-12 04:00:00,1.5780010531484339,1.745168843948022
2026-08-13 04:00:00,1.5815713220631646,1.752127831088275
